Product_Name,Manufacturing_Site,Manufacturing_Line,Batch_Start_Time,Reaction_Time,Reactor_Temp,Pressure,pH,Agitation_Speed,Yield,Batch_Status,Batch_End_Time,Sample_ID,Instrument_Type,Retention_Time,Impurity_A,Impurity_B,Total_Impurity,Purity,Test_Date,temp_mean,temp_max,pressure_mean,pressure_max,ph_mean,ph_std,oxygen_mean,temp_pressure_ratio,reaction_intensity,impurity_ratio
AtorvaCap,Plant_B,Line_3,2024-04-29,7.51,70.72,1.79,6.92,199.0,89.33,Pass,2024-04-29 07:30:36.000000000,SMP_00000,HPLC,5.081,0.0985,0.0468,0.1453,98.547,2024-08-09,76.1947,78.351,1.4607599999999998,1.603,6.92823,0.046722878483001995,39.901109999999996,25.347670250896055,531.1071999999999,0.0014596120425527642
AmoxiTab,Plant_B,Line_3,2024-02-28,8.07,71.9,1.87,5.94,243.0,92.42,Pass,2024-02-28 08:04:12.000000000,SMP_00001,UPLC,5.228,0.1699,0.1567,0.3266,96.734,2024-03-31,73.02314,75.426,1.63244,1.771,6.6811,0.05371482875596681,39.006820000000005,25.05226480836237,580.2330000000001,0.003341723453455297
AtorvaCap,Plant_A,Line_1,2024-08-02,5.79,76.69,1.63,6.91,221.0,97.13,Pass,2024-08-02 05:47:24.000000000,SMP_00002,HPLC,5.271,0.3265,0.1627,0.4892,95.108,2024-06-15,70.4572,72.412,1.43845,1.587,6.76727,0.049420041532262045,37.62628,29.159695817490494,444.0351,0.005090106962999958
AtorvaCap,Plant_B,Line_1,2024-05-07,7.87,79.08,1.4,6.89,206.0,94.53,Pass,2024-05-07 07:52:12.000000000,SMP_00003,UPLC,5.603,0.3011,0.2016,0.5027,94.973,2024-07-25,74.30053,76.268,1.44028,1.558,6.7275599999999995,0.04851102550925525,43.18985,32.95,622.3596,0.00523793150156815
AmoxiTab,Plant_B,Line_2,2024-08-11,9.78,80.5,1.02,6.6,188.0,94.03,Pass,2024-08-11 09:46:48.000000000,SMP_00004,UPLC,5.393,0.2088,0.074,0.2828,97.172,2024-10-08,73.5856,75.344,1.51545,1.631,6.752000000000001,0.057505379634158346,50.48639,39.851485148514854,787.29,0.002880658436213992
AmoxiTab,Plant_A,Line_2,2024-07-27,7.01,70.71,1.27,5.97,227.0,98.52,Pass,2024-07-27 07:00:36.000000000,SMP_00005,HPLC,5.548,0.3311,0.2235,0.5546,94.454,2024-03-05,74.48176000000001,76.274,1.77982,1.886,6.8547199999999995,0.04527359700596568,48.23993,31.149779735682817,495.67709999999994,0.005810128438829175
AtorvaCap,Plant_B,Line_1,2024-04-24,9.53,77.17,1.36,6.71,239.0,87.84,Pass,2024-04-24 09:31:48.000000000,SMP_00006,UPLC,4.931,0.2638,0.3329,0.5967,94.033,2024-01-04,74.498,76.652,1.4297,1.552,6.797039999999999,0.05134512261317152,39.08511,32.69915254237288,735.4300999999999,0.0062788715498826725
MetforminXR,Plant_A,Line_2,2024-07-27,8.14,80.94,1.29,6.79,229.0,91.26,Pass,2024-07-27 08:08:24.000000000,SMP_00007,HPLC,5.131,0.1996,0.218,0.4176,95.824,2024-06-05,69.89151,72.25,1.41657,1.523,6.74565,0.04962554225844213,39.59341,35.34497816593886,658.8516000000001,0.004312980252829877
AtorvaCap,Plant_A,Line_1,2024-01-14,5.92,70.06,1.52,6.65,212.0,84.98,Fail,2024-01-14 05:55:12.000000000,SMP_00008,HPLC,5.248,0.2317,0.1874,0.4191,95.809,2024-09-05,77.3955,79.196,1.53552,1.652,6.940840000000001,0.0522878049401058,42.233450000000005,27.801587301587304,414.7552,0.00432914295158508
AtorvaCap,Plant_B,Line_2,2024-01-09,6.34,82.43,1.4,6.07,224.0,87.62,Pass,2024-01-09 06:20:24.000000000,SMP_00009,HPLC,4.816,0.2045,0.0698,0.2743,97.257,2024-09-13,75.75243999999999,77.475,1.53732,1.655,6.828869999999999,0.05404312811976832,42.04475,34.34583333333334,522.6062000000001,0.0027916586095647128
AtorvaCap,Plant_B,Line_1,2024-02-09,9.38,83.19,1.55,7.44,224.0,96.3,Pass,2024-02-09 09:22:48.000000000,SMP_00010,UPLC,5.436,0.1316,0.1181,0.2497,97.503,2024-08-22,77.54898,80.112,1.51913,1.635,6.84031,0.044663657745781654,38.65626,32.62352941176471,780.3222000000001,0.0025349481741672843
AtorvaCap,Plant_B,Line_1,2024-08-24,8.83,88.13,1.86,6.54,226.0,88.33,Pass,2024-08-24 08:49:48.000000000,SMP_00011,UPLC,5.328,0.3757,0.1755,0.5512,94.488,2024-11-01,74.87528,76.9,1.4819399999999998,1.706,6.8417200000000005,0.05611551577871385,45.5427,30.81468531468531,778.1879,0.005772453083109919
AmoxiTab,Plant_B,Line_1,2024-10-07,8.15,76.15,1.38,6.71,184.0,94.94,Pass,2024-10-07 08:09:00.000000000,SMP_00012,UPLC,5.127,0.1932,0.1376,0.3308,96.692,2024-03-14,73.01812,75.258,1.51851,1.646,6.79077,0.04709175548164922,36.91661,31.995798319327736,620.6225000000001,0.0033861523973303855
AtorvaCap,Plant_A,Line_2,2024-12-24,7.59,76.18,1.09,5.84,226.0,98.63,Pass,2024-12-24 07:35:24.000000000,SMP_00013,HPLC,5.163,0.1668,0.2621,0.4289,95.711,2024-07-05,71.67522,73.473,1.53038,1.645,6.874149999999999,0.048256548202751104,26.043270000000003,36.449760765550245,578.2062000000001,0.00443486263196534
MetforminXR,Plant_B,Line_2,2024-07-19,8.32,79.13,1.29,7.44,207.0,91.29,Pass,2024-07-19 08:19:12.000000000,SMP_00014,HPLC,5.451,0.0971,0.2227,0.3198,96.802,2024-03-02,72.74004,74.709,1.4324199999999998,1.579,6.66647,0.051295234779763825,39.35957,34.55458515283843,658.3616,0.0032698717817631535
AmoxiTab,Plant_A,Line_2,2024-09-02,9.32,78.99,1.68,6.61,251.0,94.08,Pass,2024-09-02 09:19:12.000000000,SMP_00015,HPLC,5.041,0.0136,0.3954,0.409,95.91,2024-12-02,74.74186,77.399,1.23794,1.377,6.75013,0.05121092351118719,48.938109999999995,29.473880597014926,736.1868,0.004220410690331235
MetforminXR,Plant_B,Line_1,2024-10-04,10.21,80.63,1.7,6.84,224.0,94.97,Pass,2024-10-04 10:12:36.000000000,SMP_00016,UPLC,5.459,0.3201,0.1015,0.4216,95.784,2024-06-12,75.01890999999999,76.843,1.41081,1.533,6.78648,0.04641435688720163,39.39367,29.86296296296296,823.2323,0.004356091916019177
MetforminXR,Plant_B,Line_2,2024-08-22,10.29,78.92,1.62,7.25,245.0,87.11,Pass,2024-08-22 10:17:23.999999999,SMP_00017,HPLC,5.15,0.3294,0.1826,0.512,94.88,2024-02-25,74.56769,76.716,1.6103999999999998,1.716,6.900220000000001,0.0519958389943587,45.84752,30.12213740458015,812.0867999999999,0.005340008343763037
MetforminXR,Plant_B,Line_2,2024-01-04,8.56,74.47,1.89,6.53,211.0,89.53,Pass,2024-01-04 08:33:36.000000000,SMP_00018,HPLC,5.351,0.3693,0.0693,0.4386,95.614,2024-04-20,73.116,75.492,1.6726699999999999,1.751,6.855309999999999,0.052722773144826256,40.039699999999996,25.7681660899654,637.4632,0.004539714741134825
MetforminXR,Plant_A,Line_1,2024-06-02,7.74,81.11,1.44,7.19,212.0,87.99,Pass,2024-06-02 07:44:24.000000000,SMP_00019,UPLC,5.217,0.2351,0.0022,0.2373,97.627,2024-08-05,73.65382,75.99,1.24397,1.353,6.913970000000001,0.048356724747265656,42.66758,33.24180327868852,627.7914000000001,0.0024060348586086976
AmoxiTab,Plant_B,Line_3,2024-01-29,8.22,69.64,2.12,5.98,265.0,89.85,Pass,2024-01-29 08:13:12.000000000,SMP_00020,UPLC,5.647,0.2178,0.2378,0.4556,95.444,2024-08-27,74.59534,76.503,1.5952899999999999,1.714,6.71738,0.052675637901052785,36.8615,22.32051282051282,572.4408000000001,0.004723984903156236
AmoxiTab,Plant_B,Line_1,2024-04-18,8.78,75.03,1.75,7.02,233.0,94.86,Pass,2024-04-18 08:46:48.000000000,SMP_00021,UPLC,5.023,0.1992,0.2197,0.4189,95.811,2024-01-21,72.72743,74.465,1.4582300000000001,1.594,6.88721,0.04541999181600175,45.14443,27.283636363636365,658.7633999999999,0.004326987635702554
MetforminXR,Plant_B,Line_2,2024-04-07,8.78,82.82,0.74,7.43,199.0,89.62,Pass,2024-04-07 08:46:48.000000000,SMP_00022,HPLC,5.085,0.2083,0.1116,0.3199,96.801,2024-05-20,72.88604000000001,75.268,1.4631399999999999,1.601,6.86369,0.052450976630516094,35.14778,47.59770114942528,727.1595999999998,0.003270927700125766
MetforminXR,Plant_B,Line_1,2024-08-02,9.96,68.75,2.04,6.57,247.0,91.86,Pass,2024-08-02 09:57:36.000000000,SMP_00023,HPLC,4.899,0.362,0.1874,0.5494,94.506,2024-09-21,76.62621,78.914,1.68671,1.81,6.78859,0.049385536466876746,30.356930000000002,22.61513157894737,684.7500000000001,0.005752518166397922
AmoxiTab,Plant_A,Line_3,2024-10-19,11.17,71.61,1.27,7.25,204.0,87.83,Pass,2024-10-19 11:10:12.000000000,SMP_00024,HPLC,4.981,0.2473,0.1297,0.377,96.23,2024-05-18,78.06205,80.009,1.55147,1.68,6.960929999999999,0.048141469764758194,38.25594,31.546255506607928,799.8837,0.0038774040933868144
AmoxiTab,Plant_B,Line_1,2024-03-15,7.69,78.36,1.19,7.53,227.0,96.91,Pass,2024-03-15 07:41:24.000000000,SMP_00025,UPLC,5.343,0.2878,0.1405,0.4283,95.717,2024-03-10,74.51439,75.946,1.5526900000000001,1.658,6.79669,0.04837306517415896,35.86529,35.78082191780822,602.5884,0.004428383841517004
AmoxiTab,Plant_A,Line_2,2024-11-21,11.23,76.97,1.66,6.7,275.0,89.82,Pass,2024-11-21 11:13:48.000000000,SMP_00026,UPLC,5.52,0.2058,0.1544,0.3602,96.398,2024-04-27,74.21149,76.311,1.57268,1.68,6.82126,0.05170909694696575,38.94278,28.93609022556391,864.3731,0.003698227889689727
AtorvaCap,Plant_A,Line_3,2024-05-25,9.76,70.62,0.98,6.66,177.0,98.09,Pass,2024-05-25 09:45:36.000000000,SMP_00027,UPLC,5.365,0.3821,0.1083,0.4904,95.096,2024-07-16,72.68494,74.863,1.7044,1.823,6.74707,0.04654383293024303,26.47098,35.66666666666667,689.2512,0.005103230103230103
AtorvaCap,Plant_A,Line_2,2024-05-07,7.85,72.92,1.29,6.44,215.0,92.24,Pass,2024-05-07 07:51:00.000000000,SMP_00028,UPLC,5.199,0.0595,0.1227,0.1822,98.178,2024-07-23,75.36003,77.259,1.54132,1.643,6.65575,0.056171162485295724,40.75454,31.842794759825328,572.422,0.0018371009699731796
AtorvaCap,Plant_A,Line_3,2024-12-06,10.25,69.1,1.97,6.6,232.0,86.37,Pass,2024-12-06 10:15:00.000000000,SMP_00029,HPLC,5.021,0.1279,0.1249,0.2528,97.472,2024-08-01,71.76467,73.665,1.52603,1.66,6.76871,0.04953894397034499,45.80892,23.265993265993266,708.275,0.002567227232106589
MetforminXR,Plant_A,Line_3,2024-02-11,10.53,79.9,1.67,6.47,243.0,91.32,Pass,2024-02-11 10:31:48.000000000,SMP_00030,HPLC,5.38,0.288,0.2138,0.5018,94.982,2024-02-25,74.75902,76.64,1.45435,1.58,6.70495,0.050818626784701955,36.39732,29.925093632958806,841.347,0.005228063595257445
AtorvaCap,Plant_A,Line_1,2024-12-21,7.31,73.72,1.74,6.44,183.0,87.75,Pass,2024-12-21 07:18:36.000000000,SMP_00031,HPLC,5.01,0.4251,0.0419,0.467,95.33,2024-10-13,74.33638,76.076,1.49155,1.614,6.60796,0.047795211289649246,36.44782,26.905109489051092,538.8932,0.0048479186131008
MetforminXR,Plant_B,Line_1,2024-02-10,10.6,83.96,1.3,7.28,174.0,94.36,Pass,2024-02-10 10:36:00.000000000,SMP_00032,HPLC,4.93,0.2275,0.1618,0.3893,96.107,2024-10-19,74.62841,76.113,1.61801,1.756,6.806979999999999,0.04912650748194632,45.47422,36.504347826086956,889.9759999999999,0.004008979785185414
MetforminXR,Plant_A,Line_2,2024-02-03,9.61,75.41,1.04,6.48,253.0,90.95,Pass,2024-02-03 09:36:36.000000000,SMP_00033,HPLC,5.138,0.1658,0.093,0.2588,97.412,2024-06-23,74.96301,77.732,1.50521,1.617,6.82712,0.051515473795783265,49.28099,36.9656862745098,724.6900999999999,0.00262976059830102
AtorvaCap,Plant_A,Line_1,2024-01-17,11.55,73.9,1.71,6.9,198.0,92.65,Pass,2024-01-17 11:33:00.000000000,SMP_00034,HPLC,4.793,0.3501,0.0959,0.446,95.54,2024-12-12,71.2453,72.951,1.70396,1.837,6.89902,0.04784697408711372,35.24387,27.26937269372694,853.5450000000001,0.0046198466956701885
MetforminXR,Plant_A,Line_1,2024-06-13,7.36,73.42,1.78,6.82,197.0,90.52,Pass,2024-06-13 07:21:36.000000000,SMP_00035,HPLC,4.924,0.2824,0.1379,0.4203,95.797,2024-05-07,77.73473,79.716,1.55754,1.716,6.9561,0.04912167946985716,40.118,26.41007194244604,540.3712,0.004342076717253634
AtorvaCap,Plant_B,Line_3,2024-06-01,7.47,73.78,1.77,7.4,267.0,89.78,Pass,2024-06-01 07:28:12.000000000,SMP_00036,HPLC,5.577,0.379,0.1789,0.5579,94.421,2024-11-20,73.44627,75.671,1.49442,1.62,6.872179999999999,0.05682391373107943,36.49147,26.635379061371843,551.1366,0.00584672137160583
AtorvaCap,Plant_B,Line_1,2024-03-16,4.96,75.55,1.56,6.6,222.0,88.11,Pass,2024-03-16 04:57:36.000000000,SMP_00037,UPLC,4.887,0.121,0.1628,0.2838,97.162,2024-10-18,77.74455,79.445,1.3659000000000001,1.485,6.8886,0.04535894998161161,40.81912,29.51171875,374.728,0.00289113913734439
AmoxiTab,Plant_A,Line_3,2024-03-27,8.86,87.56,1.21,6.95,222.0,95.34,Pass,2024-03-27 08:51:36.000000000,SMP_00038,UPLC,4.962,0.3712,0.0949,0.4661,95.339,2024-10-14,74.40955,76.303,1.56506,1.693,6.83957,0.050265206754782334,38.96232,39.619909502262445,775.7816,0.004838123708985976
AtorvaCap,Plant_B,Line_3,2024-04-26,8.56,73.31,2.23,7.12,215.0,91.31,Pass,2024-04-26 08:33:36.000000000,SMP_00039,HPLC,5.214,0.0952,0.2377,0.3329,96.671,2024-08-13,75.65885,78.128,1.42739,1.564,6.78011,0.05092694212637781,39.01092,22.696594427244584,627.5336000000001,0.003408381198103838
AmoxiTab,Plant_A,Line_3,2024-12-27,7.16,73.47,1.64,7.4,183.0,90.74,Pass,2024-12-27 07:09:36.000000000,SMP_00040,UPLC,5.225,0.2212,0.1078,0.329,96.71,2024-03-04,74.2604,76.458,1.43201,1.61,6.8885000000000005,0.054757039121315985,31.589630000000003,27.829545454545457,526.0452,0.003367106744447856
AtorvaCap,Plant_A,Line_2,2024-12-07,7.88,75.33,1.45,6.59,240.0,91.21,Pass,2024-12-07 07:52:48.000000000,SMP_00041,HPLC,5.153,0.2913,0.1212,0.4125,95.875,2024-02-17,74.12077000000001,75.896,1.27978,1.398,6.722440000000001,0.05013946609813543,45.22277,30.746938775510202,593.6003999999999,0.004258064516129032
AtorvaCap,Plant_B,Line_2,2024-01-27,6.03,80.45,1.45,6.55,232.0,89.28,Pass,2024-01-27 06:01:48.000000000,SMP_00042,HPLC,4.799,0.2686,0.2028,0.4714,95.286,2024-07-20,73.1062,74.892,1.7515399999999999,1.897,6.7838,0.04422257753270797,37.92844,32.83673469387755,485.11350000000004,0.004895831169640446
AmoxiTab,Plant_A,Line_2,2024-11-08,9.8,67.9,1.54,6.38,225.0,90.75,Pass,2024-11-08 09:48:00.000000000,SMP_00043,UPLC,5.37,0.3561,0.2056,0.5617,94.383,2024-12-02,72.74074,75.178,1.3996000000000002,1.511,6.62321,0.04935038505473378,40.37247,26.73228346456693,665.4200000000001,0.005888890053783169
AmoxiTab,Plant_B,Line_3,2024-10-13,7.27,77.28,1.82,7.69,217.0,92.82,Pass,2024-10-13 07:16:12.000000000,SMP_00044,HPLC,5.111,0.0673,0.1311,0.1984,98.016,2024-02-29,74.94562,77.731,1.51029,1.624,6.89929,0.046714541460217494,47.64335,27.404255319148934,561.8256,0.0020037165710592225
AtorvaCap,Plant_B,Line_2,2024-05-13,12.64,70.91,1.56,7.35,211.0,87.86,Pass,2024-05-13 12:38:24.000000000,SMP_00045,HPLC,5.444,0.2641,0.0549,0.319,96.81,2024-09-13,78.44698,79.95,1.6015700000000002,1.717,6.67126,0.04737250193301965,43.91375,27.699218749999996,896.3024,0.0032614252121459975
MetforminXR,Plant_A,Line_2,2024-08-06,7.74,77.77,1.76,6.78,247.0,88.44,Pass,2024-08-06 07:44:24.000000000,SMP_00046,HPLC,5.071,0.37,0.1092,0.4792,95.208,2024-03-05,71.64693,73.701,1.47828,1.615,6.82468,0.05336341575849635,36.70295,28.17753623188406,601.9398,0.004980874771328788
AmoxiTab,Plant_A,Line_1,2024-06-16,6.86,72.53,1.55,7.57,216.0,97.51,Pass,2024-06-16 06:51:36.000000000,SMP_00047,HPLC,5.396,0.2559,0.193,0.4489,95.511,2024-08-26,76.07302,78.58,1.51904,1.641,6.771100000000001,0.053386621106147183,31.44741,28.443137254901963,497.55580000000003,0.004651283273409249
MetforminXR,Plant_B,Line_2,2024-04-07,7.38,63.48,1.47,6.76,218.0,90.55,Pass,2024-04-07 07:22:48.000000000,SMP_00048,HPLC,5.459,0.1358,0.2351,0.3709,96.291,2024-10-15,76.62747,78.516,1.54778,1.662,6.83671,0.055420029745297944,32.75907,25.700404858299596,468.4824,0.003812274516656217
MetforminXR,Plant_A,Line_2,2024-09-24,5.88,76.85,1.69,7.09,236.0,89.79,Pass,2024-09-24 05:52:48.000000000,SMP_00049,HPLC,5.107,0.3508,0.1737,0.5245,94.755,2024-02-07,72.05648000000001,74.402,1.56236,1.687,6.91812,0.050984505469601156,38.37081,28.56877323420074,451.878,0.005477520756096288
MetforminXR,Plant_A,Line_3,2024-08-24,8.72,76.81,1.68,6.8,226.0,86.62,Pass,2024-08-24 08:43:12.000000000,SMP_00050,HPLC,5.376,0.1852,0.1417,0.3269,96.731,2024-01-25,75.31877,77.393,1.5841800000000001,1.713,6.7213199999999995,0.046016439750079734,34.84418,28.660447761194035,669.7832000000001,0.003344895683048368
AmoxiTab,Plant_A,Line_3,2024-11-04,7.37,72.1,1.45,6.96,269.0,95.4,Pass,2024-11-04 07:22:12.000000000,SMP_00051,UPLC,4.934,0.1676,0.3635,0.5311,94.689,2024-02-28,75.35155,77.609,1.6445699999999999,1.785,6.812380000000001,0.05259004399382755,43.1423,29.428571428571423,531.377,0.005550272236098193
MetforminXR,Plant_B,Line_3,2024-06-21,9.7,71.81,1.28,6.92,167.0,87.78,Pass,2024-06-21 09:42:00.000000000,SMP_00052,UPLC,5.253,0.155,0.1502,0.3052,96.948,2024-12-22,73.9363,76.092,1.45363,1.566,6.81139,0.04843883887038496,37.90249,31.495614035087716,696.557,0.003115939069710459
AmoxiTab,Plant_B,Line_3,2024-07-08,7.59,68.44,1.6,6.63,229.0,91.94,Pass,2024-07-08 07:35:24.000000000,SMP_00053,HPLC,5.444,0.2301,0.229,0.4591,95.409,2024-10-23,75.65068000000001,78.169,1.58554,1.721,6.747380000000001,0.04666964925533679,39.918710000000004,26.323076923076922,519.4596,0.004762003547386654
MetforminXR,Plant_A,Line_3,2024-05-01,10.08,78.87,1.52,7.24,199.0,85.17,Pass,2024-05-01 10:04:48.000000000,SMP_00054,UPLC,5.304,0.2683,0.0732,0.3415,96.585,2024-06-06,73.03154,74.986,1.41348,1.531,6.93783,0.046918165377860276,42.96815000000001,31.297619047619047,795.0096000000001,0.003499513244863453
AtorvaCap,Plant_B,Line_3,2024-02-15,9.14,79.41,1.33,7.09,192.0,95.27,Pass,2024-02-15 09:08:24.000000000,SMP_00055,HPLC,5.681,0.1231,0.0928,0.2159,97.841,2024-02-26,75.01334,77.056,1.46837,1.604,6.820309999999999,0.05084035122942519,47.15572,34.08154506437768,725.8074,0.0021843162250483102
AtorvaCap,Plant_B,Line_2,2024-03-04,8.04,70.6,1.25,7.21,206.0,96.71,Pass,2024-03-04 08:02:24.000000000,SMP_00056,HPLC,5.315,0.1436,0.2318,0.3754,96.246,2024-02-17,74.80011,76.867,1.29374,1.439,6.46682,0.046190947558624684,43.095079999999996,31.377777777777776,567.6239999999999,0.0038603130205869655
AmoxiTab,Plant_B,Line_3,2024-05-09,10.37,72.3,1.62,6.93,222.0,93.94,Pass,2024-05-09 10:22:12.000000000,SMP_00057,HPLC,5.127,0.1806,0.2636,0.4442,95.558,2024-11-23,77.52652,80.948,1.4374799999999999,1.564,6.934640000000001,0.04939032743811723,37.52683,27.59541984732824,749.7509999999999,0.004600343834793595
AtorvaCap,Plant_B,Line_3,2024-11-05,9.43,74.68,1.67,6.44,223.0,85.86,Pass,2024-11-05 09:25:48.000000000,SMP_00058,HPLC,5.768,0.1545,0.1488,0.3033,96.967,2024-02-25,76.25744,78.923,1.40025,1.541,6.802759999999999,0.04858567773334117,37.078829999999996,27.970037453183522,704.2324000000001,0.003095940469750018
AtorvaCap,Plant_B,Line_1,2024-12-28,12.42,86.35,1.39,7.48,174.0,95.36,Pass,2024-12-28 12:25:12.000000000,SMP_00059,UPLC,5.527,0.2537,0.0321,0.2858,97.142,2024-03-05,75.18675,76.975,1.5609600000000001,1.663,6.64579,0.04608365143185735,36.76537,36.12970711297071,1072.4669999999999,0.002912106947076685
MetforminXR,Plant_A,Line_2,2024-07-11,7.39,77.73,1.33,6.69,204.0,88.69,Pass,2024-07-11 07:23:24.000000000,SMP_00060,UPLC,4.879,0.2861,0.1666,0.4527,95.473,2024-09-24,75.69688000000001,77.674,1.68292,1.795,6.79537,0.04792980030811458,31.941010000000002,33.36051502145923,574.4247,0.004692504638603547
AmoxiTab,Plant_A,Line_2,2024-11-02,8.11,70.28,1.25,6.95,228.0,87.32,Pass,2024-11-02 08:06:36.000000000,SMP_00061,UPLC,5.043,0.2724,0.1952,0.4676,95.324,2024-03-09,77.5195,79.972,1.66405,1.799,6.7701199999999995,0.050131399060042166,39.69584,31.235555555555557,569.9707999999999,0.0048544495660479215
MetforminXR,Plant_A,Line_2,2024-06-29,10.35,76.52,1.61,7.05,194.0,90.47,Pass,2024-06-29 10:21:00.000000000,SMP_00062,UPLC,4.992,0.2725,0.1879,0.4604,95.396,2024-08-03,76.694,78.508,1.6066999999999998,1.731,6.63046,0.05023066390124256,32.58915,29.318007662835242,791.982,0.004776131789700817
MetforminXR,Plant_B,Line_3,2024-10-18,5.68,68.12,1.26,6.94,187.0,90.39,Pass,2024-10-18 05:40:48.000000000,SMP_00063,HPLC,5.329,0.4171,0.1349,0.552,94.48,2024-03-29,74.85065,76.482,1.5786699999999998,1.712,6.91538,0.04324648172762942,42.27219,30.141592920353986,386.9216,0.005781315458734814
MetforminXR,Plant_B,Line_3,2024-10-08,9.98,78.59,2.17,7.17,152.0,89.98,Pass,2024-10-08 09:58:48.000000000,SMP_00064,UPLC,5.314,0.2924,0.1678,0.4602,95.398,2024-10-07,70.4709,72.407,1.4661199999999999,1.615,6.84187,0.0470073398524102,42.00499,24.791798107255524,784.3282,0.004773957965932904
MetforminXR,Plant_A,Line_3,2024-01-29,8.66,83.38,1.38,7.23,200.0,97.09,Pass,2024-01-29 08:39:36.000000000,SMP_00065,HPLC,5.313,0.3284,0.12,0.4484,95.516,2024-09-13,77.37418,80.114,1.6207099999999999,1.762,6.88067,0.05714876122096522,40.55933,35.03361344537815,722.0708,0.004645861826018484
MetforminXR,Plant_B,Line_1,2024-05-28,6.67,83.4,0.77,6.71,186.0,100.05,Pass,2024-05-28 06:40:12.000000000,SMP_00066,HPLC,4.874,0.2085,0.0911,0.2996,97.004,2024-06-08,75.08973,76.3,1.3464699999999998,1.473,6.829,0.048373964113357544,40.32691,47.118644067796616,556.278,0.003057018080894657
MetforminXR,Plant_A,Line_3,2024-09-23,5.96,78.67,1.49,7.45,190.0,86.52,Pass,2024-09-23 05:57:36.000000000,SMP_00067,UPLC,5.072,0.3444,0.2405,0.5849,94.151,2024-08-21,71.78345,73.955,1.40429,1.551,6.72521,0.05142520213029225,37.79247,31.594377510040157,468.8732,0.0061470714968839
MetforminXR,Plant_A,Line_1,2024-10-22,6.99,72.08,1.48,6.69,212.0,89.24,Pass,2024-10-22 06:59:24.000000000,SMP_00068,HPLC,5.17,0.2038,0.1878,0.3916,96.084,2024-05-10,77.48479,80.245,1.51359,1.618,6.81865,0.04774646319335865,41.51,29.064516129032256,503.8392,0.004033620369988875
AmoxiTab,Plant_A,Line_2,2024-01-11,4.57,68.5,1.83,6.93,202.0,92.57,Pass,2024-01-11 04:34:11.999999999,SMP_00069,UPLC,4.836,0.2911,0.1679,0.459,95.41,2024-02-18,75.70522,78.135,1.62083,1.749,6.89067,0.04665347324322783,44.98497999999999,24.20494699646643,313.045,0.004760916917332227
AtorvaCap,Plant_B,Line_3,2024-06-12,7.27,68.0,1.59,6.64,185.0,90.45,Pass,2024-06-12 07:16:12.000000000,SMP_00070,UPLC,5.026,0.1129,0.1394,0.2523,97.477,2024-05-26,76.3012,78.144,1.4194300000000002,1.55,6.97798,0.059149012304227574,32.32327,26.254826254826256,494.35999999999996,0.002562019557866304
MetforminXR,Plant_B,Line_1,2024-04-22,8.93,60.97,1.25,6.53,157.0,93.6,Pass,2024-04-22 08:55:48.000000000,SMP_00071,UPLC,5.471,0.2666,0.1656,0.4322,95.678,2024-11-11,75.51484,77.653,1.55726,1.673,6.74254,0.0527788257205903,39.736219999999996,27.09777777777778,544.4621,0.004470510353958501
MetforminXR,Plant_A,Line_1,2024-07-05,7.29,78.47,1.41,7.22,229.0,95.66,Pass,2024-07-05 07:17:23.999999999,SMP_00072,UPLC,4.889,0.1525,0.1928,0.3453,96.547,2024-01-02,74.20595,75.63,1.41249,1.516,6.87467,0.05150758598635191,41.96122999999999,32.56016597510373,572.0463,0.0035398320809455954
MetforminXR,Plant_A,Line_3,2024-10-21,10.08,74.49,1.6,8.05,243.0,95.0,Pass,2024-10-21 10:04:48.000000000,SMP_00073,UPLC,5.491,0.3436,0.3183,0.6619,93.381,2024-11-24,74.25697,76.825,1.5864500000000001,1.694,6.64878,0.05136531471290281,33.8746,28.65,750.8592,0.007013064070098855
MetforminXR,Plant_A,Line_2,2024-08-19,10.49,79.55,0.85,6.66,208.0,94.44,Pass,2024-08-19 10:29:24.000000000,SMP_00074,HPLC,5.418,0.3376,0.2324,0.57,94.3,2024-05-24,70.56021,71.995,1.6330099999999999,1.776,6.859389999999999,0.04875042501757243,37.76781,42.99999999999999,834.4795,0.005981112277019937
MetforminXR,Plant_A,Line_2,2024-08-14,9.91,82.14,1.9,7.29,212.0,98.64,Pass,2024-08-14 09:54:36.000000000,SMP_00075,UPLC,5.142,0.2033,0.1267,0.33,96.7,2024-03-01,74.25497,76.054,1.50794,1.617,6.777,0.05479843690169176,36.00354,28.324137931034485,814.0074,0.0033776867963152507
MetforminXR,Plant_B,Line_2,2024-11-05,8.35,75.5,1.25,6.67,220.0,85.64,Pass,2024-11-05 08:21:00.000000000,SMP_00076,UPLC,5.07,0.455,0.1275,0.5825,94.175,2024-09-29,75.95168,78.21,1.2309,1.386,6.80251,0.05129681798468138,45.15625,33.55555555555556,630.425,0.006120304701864986
AtorvaCap,Plant_B,Line_1,2024-04-07,4.51,75.73,1.93,6.8,267.0,97.92,Pass,2024-04-07 04:30:36.000000000,SMP_00077,HPLC,5.366,0.2214,0.1151,0.3365,96.635,2024-02-18,76.04586,77.989,1.54268,1.674,6.76516,0.0508304211783822,44.032650000000004,25.846416382252563,341.5423,0.0034465099605674194
AtorvaCap,Plant_A,Line_1,2024-02-24,6.94,72.68,1.62,7.5,173.0,90.35,Pass,2024-02-24 06:56:24.000000000,SMP_00078,UPLC,5.042,0.0888,0.164,0.2528,97.472,2024-11-27,73.50509,74.98,1.4514099999999999,1.582,6.75724,0.05182958088336677,40.60857,27.740458015267176,504.39920000000006,0.002567227232106589
MetforminXR,Plant_A,Line_1,2024-04-20,7.79,73.27,1.69,6.37,208.0,95.14,Pass,2024-04-20 07:47:24.000000000,SMP_00079,UPLC,5.052,0.1721,0.115,0.2871,97.129,2024-05-10,76.14524,78.534,1.58829,1.684,6.825489999999999,0.05372704959874368,45.695879999999995,27.237918215613384,570.7733,0.0029257406067523363
AtorvaCap,Plant_B,Line_1,2024-05-31,6.66,78.64,1.84,6.26,168.0,87.88,Pass,2024-05-31 06:39:36.000000000,SMP_00080,HPLC,5.195,0.1456,0.218,0.3636,96.364,2024-02-12,73.05338,74.639,1.5180699999999998,1.664,6.848949999999999,0.051199624170022245,42.290330000000004,27.690140845070424,523.7424,0.003734439834024896
AmoxiTab,Plant_B,Line_2,2024-09-02,7.79,74.13,1.67,6.77,231.0,88.37,Pass,2024-09-02 07:47:24.000000000,SMP_00081,HPLC,4.774,0.288,0.0315,0.3195,96.805,2024-02-26,74.26404000000001,76.248,1.41159,1.516,6.80136,0.05275797991246871,38.13419,27.764044943820224,577.4726999999999,0.0032667041562292314
MetforminXR,Plant_A,Line_3,2024-03-09,10.42,73.4,1.7,7.07,216.0,94.65,Pass,2024-03-09 10:25:12.000000000,SMP_00082,UPLC,4.91,0.1265,0.2228,0.3493,96.507,2024-02-19,73.01527,75.167,1.59406,1.69,6.76002,0.047253449449204045,38.41591,27.185185185185187,764.8280000000001,0.003582306911298676
AmoxiTab,Plant_A,Line_1,2024-11-07,5.53,74.91,1.45,6.99,226.0,84.29,Fail,2024-11-07 05:31:48.000000000,SMP_00083,HPLC,5.137,0.1961,0.202,0.3981,96.019,2024-06-26,79.17062,80.754,1.53819,1.664,6.68026,0.05099269506012537,41.271390000000004,30.575510204081628,414.2523,0.004103319968253641
AmoxiTab,Plant_A,Line_1,2024-10-15,10.72,79.43,1.61,6.94,225.0,95.96,Pass,2024-10-15 10:43:12.000000000,SMP_00084,UPLC,5.295,0.2815,0.281,0.5625,94.375,2024-10-19,74.99361,76.814,1.4252799999999999,1.552,6.980589999999999,0.04940312323991846,42.97049,30.43295019157088,851.4896000000001,0.005897771952817824
MetforminXR,Plant_B,Line_2,2024-09-06,9.33,71.54,1.32,6.81,250.0,97.04,Pass,2024-09-06 09:19:48.000000000,SMP_00085,HPLC,5.04,0.2639,0.2501,0.514,94.86,2024-02-15,75.96379,77.782,1.45615,1.574,6.73123,0.050498295800827424,38.79751,30.836206896551722,667.4682,0.005361986229918632
AtorvaCap,Plant_B,Line_3,2024-02-05,8.4,74.67,1.4,7.11,236.0,92.71,Pass,2024-02-05 08:24:00.000000000,SMP_00086,UPLC,5.16,0.2487,0.1253,0.374,96.26,2024-06-18,73.9332,75.748,1.63297,1.741,6.75427,0.05391235967060352,35.21364,31.1125,627.2280000000001,0.003845362944684351
AmoxiTab,Plant_B,Line_3,2024-08-26,6.93,76.23,2.09,5.63,245.0,92.57,Pass,2024-08-26 06:55:48.000000000,SMP_00087,UPLC,4.877,0.2626,0.2411,0.5037,94.963,2024-09-27,74.56869,77.104,1.44073,1.583,7.00967,0.05100624936953781,42.90522,24.66990291262136,528.2739,0.005248898012775758
MetforminXR,Plant_A,Line_2,2024-05-27,6.69,80.8,1.26,6.5,188.0,88.67,Pass,2024-05-27 06:41:24.000000000,SMP_00088,UPLC,5.386,0.2129,0.1666,0.3795,96.205,2024-12-01,75.33858000000001,77.358,1.53575,1.658,6.89525,0.05418997167652925,35.33939,35.75221238938053,540.552,0.0039041201584280646
AmoxiTab,Plant_A,Line_2,2024-08-14,5.56,73.8,1.55,6.76,256.0,94.7,Pass,2024-08-14 05:33:36.000000000,SMP_00089,HPLC,5.244,0.0896,0.0253,0.1149,98.851,2024-05-18,76.76069000000001,78.349,1.4596799999999999,1.6,6.86611,0.048269005258932414,42.85066,28.941176470588236,410.328,0.0011507145647014052
AmoxiTab,Plant_B,Line_3,2024-08-31,10.58,71.41,1.53,7.08,198.0,93.39,Pass,2024-08-31 10:34:47.999999999,SMP_00090,UPLC,5.262,0.2103,0.1927,0.403,95.97,2024-09-03,73.6926,75.464,1.39216,1.556,7.06672,0.05059246560267238,40.63092,28.225296442687743,755.5178,0.004155924512735898
AmoxiTab,Plant_B,Line_1,2024-12-02,10.31,72.58,1.41,7.4,200.0,88.31,Pass,2024-12-02 10:18:36.000000000,SMP_00091,HPLC,5.298,0.2969,0.1301,0.427,95.73,2024-05-27,76.90693,78.921,1.67036,1.843,6.7556899999999995,0.051163176270249286,35.18788,30.116182572614104,748.2998,0.004414349219476894
AmoxiTab,Plant_A,Line_3,2024-12-30,5.89,80.27,1.65,6.45,228.0,90.43,Pass,2024-12-30 05:53:24.000000000,SMP_00092,UPLC,5.216,0.2363,0.18,0.4163,95.837,2024-08-17,74.25209,76.649,1.48734,1.586,6.903110000000001,0.048904957299693484,43.65341,30.29056603773585,472.79029999999995,0.004298976630833256
AtorvaCap,Plant_B,Line_2,2024-07-19,7.17,85.17,1.68,7.38,229.0,91.36,Pass,2024-07-19 07:10:12.000000000,SMP_00093,UPLC,5.103,0.2891,0.3121,0.6012,93.988,2024-10-06,75.98645,77.41,1.51143,1.649,6.88847,0.05364538539089253,49.180969999999995,31.77985074626866,610.6689,0.006329220533119973
AmoxiTab,Plant_B,Line_1,2024-06-02,8.65,68.43,1.22,6.62,188.0,90.43,Pass,2024-06-02 08:39:00.000000000,SMP_00094,UPLC,5.426,0.1913,0.198,0.3893,96.107,2024-05-04,75.54802,77.198,1.29948,1.448,6.83935,0.05207984836825656,49.72469,30.82432432432433,591.9195000000001,0.004008979785185414
AmoxiTab,Plant_A,Line_1,2024-03-13,7.55,69.52,1.53,6.75,215.0,86.55,Pass,2024-03-13 07:33:00.000000000,SMP_00095,UPLC,5.231,0.3494,0.0986,0.448,95.52,2024-07-10,73.37814,75.714,1.62147,1.766,6.87063,0.05464941616219419,41.078149999999994,27.47826086956521,524.876,0.0046415250725238295
AmoxiTab,Plant_B,Line_2,2024-07-19,5.12,74.16,1.18,7.03,265.0,94.8,Pass,2024-07-19 05:07:12.000000000,SMP_00096,UPLC,5.167,0.0056,0.2572,0.2628,97.372,2024-03-20,73.47585,75.249,1.60554,1.786,6.82442,0.04830880882510962,40.38104,34.018348623853214,379.69919999999996,0.002671491887935591
AtorvaCap,Plant_A,Line_2,2024-10-22,7.01,75.55,1.74,6.72,176.0,91.03,Pass,2024-10-22 07:00:36.000000000,SMP_00097,HPLC,5.198,0.2641,0.209,0.4731,95.269,2024-04-03,77.54908999999999,79.422,1.40004,1.546,6.73555,0.0505789461928558,37.79861,27.572992700729923,529.6055,0.004914354568968203
AmoxiTab,Plant_A,Line_2,2024-01-17,10.93,78.93,1.55,7.24,265.0,92.06,Pass,2024-01-17 10:55:48.000000000,SMP_00098,HPLC,5.194,0.3849,0.0892,0.4741,95.259,2024-08-13,73.29101,75.239,1.50732,1.623,6.81707,0.05269394287924951,38.01589,30.952941176470592,862.7049000000001,0.004925253742507195
AmoxiTab,Plant_A,Line_3,2024-05-08,7.12,70.54,1.52,6.64,213.0,89.69,Pass,2024-05-08 07:07:12.000000000,SMP_00099,HPLC,5.165,0.3998,0.0515,0.4513,95.487,2024-03-05,72.59694,75.08,1.4702899999999999,1.597,6.8230200000000005,0.058007310580719444,38.4723,27.992063492063494,502.24480000000005,0.004677314042306218
AtorvaCap,Plant_A,Line_3,2024-08-04,7.75,69.68,1.7,6.64,150.0,93.9,Pass,2024-08-04 07:45:00.000000000,SMP_00100,UPLC,5.289,0.2268,0.1018,0.3286,96.714,2024-03-28,72.56564999999999,75.21,1.33194,1.419,6.7825,0.05413367293519396,37.02561,25.807407407407407,540.0200000000001,0.0033628753300448248
AtorvaCap,Plant_A,Line_1,2024-03-01,6.28,75.69,1.42,7.22,179.0,92.79,Pass,2024-03-01 06:16:48.000000000,SMP_00101,UPLC,5.013,0.1174,0.2469,0.3643,96.357,2024-03-28,78.22144,79.888,1.49804,1.661,6.625710000000001,0.046677768160057136,44.84825,31.276859504132233,475.3332,0.0037418983740254937
AtorvaCap,Plant_A,Line_2,2024-04-13,8.88,73.71,1.77,6.49,191.0,96.85,Pass,2024-04-13 08:52:48.000000000,SMP_00102,HPLC,5.027,0.3866,0.1559,0.5425,94.575,2024-07-19,76.95786,79.412,1.35684,1.475,6.82181,0.044409866726058296,40.26503,26.610108303249095,654.5448,0.00567617054669108
AmoxiTab,Plant_A,Line_1,2024-02-11,8.17,79.63,1.22,6.9,201.0,93.92,Pass,2024-02-11 08:10:12.000000000,SMP_00103,UPLC,5.312,0.2448,0.1865,0.4313,95.687,2024-08-01,73.79581,75.99,1.39017,1.513,6.90894,0.05236311061745029,39.21254,35.86936936936937,650.5771,0.004460785834703735
AtorvaCap,Plant_B,Line_1,2024-01-25,6.89,77.44,1.92,6.14,217.0,91.19,Pass,2024-01-25 06:53:24.000000000,SMP_00104,UPLC,5.171,0.2341,0.0729,0.307,96.93,2024-07-22,75.63586000000001,77.479,1.4054499999999999,1.547,6.802759999999999,0.05304241108525684,35.13918,26.52054794520548,533.5616,0.0031348922699887673
AtorvaCap,Plant_A,Line_1,2024-02-08,6.04,77.78,1.33,7.53,139.0,89.04,Pass,2024-02-08 06:02:24.000000000,SMP_00105,UPLC,5.394,0.1607,0.2491,0.4098,95.902,2024-03-29,75.06482,76.959,1.56203,1.673,6.8861099999999995,0.04673391150811655,29.71891,33.38197424892704,469.7912,0.004229014881013808
AmoxiTab,Plant_A,Line_1,2024-10-17,10.11,74.48,0.99,7.28,226.0,95.46,Pass,2024-10-17 10:06:36.000000000,SMP_00106,HPLC,5.282,0.125,0.0188,0.1438,98.562,2024-03-01,70.63531,72.609,1.40304,1.514,6.81017,0.04868846647489273,40.37082,37.42713567839196,752.9928,0.001444326148530564
AtorvaCap,Plant_B,Line_2,2024-05-10,5.59,86.78,1.4,7.9,188.0,90.87,Pass,2024-05-10 05:35:24.000000000,SMP_00107,HPLC,5.089,0.3064,0.1276,0.434,95.66,2024-09-27,75.14043,76.66,1.51686,1.628,6.65043,0.048855849602724565,45.86858,36.15833333333334,485.1002,0.004489964825160356
AmoxiTab,Plant_B,Line_1,2024-08-16,8.76,70.81,1.37,7.34,262.0,91.31,Pass,2024-08-16 08:45:36.000000000,SMP_00108,HPLC,5.315,0.317,0.2135,0.5305,94.695,2024-04-03,76.39411,77.913,1.4919399999999998,1.595,6.827780000000001,0.0530253569987839,48.6647,29.877637130801688,620.2956,0.0055436543184074405
MetforminXR,Plant_B,Line_2,2024-04-17,4.77,78.05,1.4,6.35,212.0,91.31,Pass,2024-04-17 04:46:12.000000000,SMP_00109,HPLC,5.439,0.2702,0.0902,0.3604,96.396,2024-11-02,76.64576,79.027,1.53543,1.671,6.79904,0.05219909825452786,36.45355,32.520833333333336,372.29849999999993,0.0037003573042014046
AtorvaCap,Plant_A,Line_2,2024-06-20,9.06,68.65,1.57,7.07,248.0,90.39,Pass,2024-06-20 09:03:36.000000000,SMP_00110,HPLC,5.289,0.1736,0.2291,0.4027,95.973,2024-01-27,74.53793999999999,77.187,1.6708600000000002,1.807,6.769679999999999,0.05229247198462346,51.047830000000005,26.71206225680934,621.969,0.004152702298577954
MetforminXR,Plant_B,Line_3,2024-04-11,9.46,69.63,1.83,6.43,253.0,91.38,Pass,2024-04-11 09:27:36.000000000,SMP_00111,UPLC,5.333,0.1435,0.1105,0.254,97.46,2024-08-01,76.83885000000001,79.307,1.55161,1.737,6.730729999999999,0.04810192356346115,40.22117,24.60424028268551,658.6998,0.002579727808247004
AmoxiTab,Plant_A,Line_2,2024-12-19,9.64,71.96,1.44,7.43,252.0,99.7,Pass,2024-12-19 09:38:24.000000000,SMP_00112,UPLC,5.166,0.1068,0.0819,0.1887,98.113,2024-03-14,77.91852,80.095,1.3433000000000002,1.484,6.7458,0.044882337755783534,40.10429,29.491803278688522,693.6944,0.00190388748196503
AtorvaCap,Plant_A,Line_3,2024-01-12,7.76,83.15,1.29,6.36,203.0,87.81,Pass,2024-01-12 07:45:36.000000000,SMP_00113,UPLC,5.399,0.1939,0.2829,0.4768,95.232,2024-03-01,73.86322,76.346,1.60162,1.743,6.8901,0.04843854796846131,33.64151,36.310043668122276,645.244,0.0049546928256712945
AmoxiTab,Plant_A,Line_2,2024-10-01,10.38,76.32,1.16,6.34,203.0,88.74,Pass,2024-10-01 10:22:48.000000000,SMP_00114,UPLC,5.084,0.1494,0.1923,0.3417,96.583,2024-07-04,67.73006000000001,69.178,1.61415,1.734,6.85421,0.053108483409913115,31.08322,35.33333333333333,792.2016,0.0035016345060102684
MetforminXR,Plant_A,Line_2,2024-04-10,11.46,72.05,1.36,6.16,213.0,97.54,Pass,2024-04-10 11:27:36.000000000,SMP_00115,HPLC,5.268,0.0791,0.2215,0.3006,96.994,2024-01-31,75.23037000000001,76.948,1.4927000000000001,1.631,6.72677,0.049619736827479013,36.19769,30.52966101694915,825.693,0.0030675347470253277
AmoxiTab,Plant_B,Line_2,2024-02-13,7.52,76.87,0.93,6.6,239.0,90.5,Pass,2024-02-13 07:31:12.000000000,SMP_00116,HPLC,5.714,0.3151,0.2615,0.5766,94.234,2024-08-06,74.37007,76.319,1.3689500000000001,1.525,6.966130000000001,0.05425913412839944,50.81061,39.82901554404145,578.0624,0.006054560346094882
AtorvaCap,Plant_B,Line_3,2024-10-31,7.32,75.18,1.28,6.52,205.0,90.2,Pass,2024-10-31 07:19:12.000000000,SMP_00117,UPLC,5.308,0.1181,0.0295,0.1476,98.524,2024-01-12,76.56281,78.54,1.44214,1.576,6.806560000000001,0.04966968060816562,48.697520000000004,32.973684210526315,550.3176000000001,0.0014830593625658134
AtorvaCap,Plant_A,Line_3,2024-01-17,8.22,72.54,1.87,6.3,216.0,96.14,Pass,2024-01-17 08:13:12.000000000,SMP_00118,HPLC,5.116,0.3484,0.2308,0.5792,94.208,2024-10-28,77.30733000000001,79.396,1.3549799999999999,1.495,6.62398,0.057545586672259744,41.31178,25.275261324041814,596.2788,0.006083522393076212
MetforminXR,Plant_A,Line_1,2024-11-25,7.28,68.02,1.25,7.6,228.0,86.32,Pass,2024-11-25 07:16:48.000000000,SMP_00119,UPLC,5.115,0.2894,0.1191,0.4085,95.915,2024-02-01,74.44896,76.561,1.58834,1.721,6.5892100000000005,0.048756309097056166,39.2903,30.231111111111108,495.18559999999997,0.004215033792498581
AmoxiTab,Plant_A,Line_3,2024-02-26,7.06,82.19,1.69,7.01,193.0,95.29,Pass,2024-02-26 07:03:36.000000000,SMP_00120,UPLC,5.186,0.2794,0.1297,0.4091,95.909,2024-06-08,74.7804,76.472,1.43483,1.554,6.83086,0.04814897336770167,35.99025,30.55390334572491,580.2614,0.004221486136478552
AtorvaCap,Plant_B,Line_3,2024-11-06,7.19,76.05,1.13,6.96,191.0,92.18,Pass,2024-11-06 07:11:24.000000000,SMP_00121,UPLC,5.37,0.4165,0.215,0.6315,93.685,2024-08-24,70.83397,72.853,1.35532,1.504,6.65429,0.052771145888485665,34.95496,35.70422535211268,546.7995,0.006669483022654063
MetforminXR,Plant_A,Line_3,2024-10-29,10.57,85.87,2.03,7.44,215.0,93.86,Pass,2024-10-29 10:34:11.999999999,SMP_00122,UPLC,5.229,0.1214,0.151,0.2724,97.276,2024-08-14,74.03131,76.083,1.5999700000000001,1.749,6.86919,0.04898333977749571,40.71384,28.33993399339934,907.6459000000001,0.00277178558345883
AtorvaCap,Plant_A,Line_3,2024-01-12,9.16,79.7,2.05,6.9,219.0,93.78,Pass,2024-01-12 09:09:36.000000000,SMP_00123,HPLC,5.07,0.3374,0.2276,0.565,94.35,2024-06-29,72.14395999999999,73.851,1.44089,1.552,6.74091,0.04501000898790057,40.88092,26.13114754098361,730.052,0.005925537493445202
AtorvaCap,Plant_B,Line_1,2024-11-13,7.28,77.76,1.68,6.5,233.0,89.49,Pass,2024-11-13 07:16:48.000000000,SMP_00124,UPLC,5.07,0.2202,0.1767,0.3969,96.031,2024-11-12,76.32655,77.937,1.40756,1.546,6.76284,0.045645918755020186,46.02076,29.014925373134332,566.0928,0.004090445321598251
AmoxiTab,Plant_B,Line_3,2024-03-20,4.32,72.82,2.1,6.12,240.0,96.2,Pass,2024-03-20 04:19:12.000000000,SMP_00125,HPLC,5.23,0.5071,0.1935,0.7006,92.994,2024-02-15,70.24679,72.748,1.5141300000000002,1.627,7.08284,0.054200100637276455,45.75897,23.49032258064516,314.5824,0.007453667255356725
AtorvaCap,Plant_A,Line_2,2024-08-03,5.68,69.52,1.61,6.48,187.0,89.8,Pass,2024-08-03 05:40:48.000000000,SMP_00126,UPLC,5.208,0.2119,0.1408,0.3527,96.473,2024-12-06,73.55422,75.168,1.60098,1.723,6.852799999999999,0.047528619767143405,45.11529,26.636015325670492,394.87359999999995,0.0036184379264001315
AmoxiTab,Plant_B,Line_2,2024-12-04,8.76,73.91,1.73,7.4,196.0,93.64,Pass,2024-12-04 08:45:36.000000000,SMP_00127,UPLC,5.291,0.1958,0.0948,0.2906,97.094,2024-03-20,76.46131,78.67,1.5484,1.649,6.692419999999999,0.053210498698256614,45.60877000000001,27.073260073260073,647.4516,0.0029624645747956045
AtorvaCap,Plant_B,Line_3,2024-09-20,4.82,69.38,1.88,6.3,191.0,96.95,Pass,2024-09-20 04:49:12.000000000,SMP_00128,UPLC,5.383,0.2926,0.1208,0.4134,95.866,2024-05-14,76.36213,78.645,1.41977,1.528,6.90993,0.045901795700003356,40.09303,24.09027777777778,334.4116,0.004267751326574856
MetforminXR,Plant_A,Line_3,2024-05-28,8.44,78.25,1.55,6.94,262.0,97.52,Pass,2024-05-28 08:26:24.000000000,SMP_00129,UPLC,5.745,0.2291,0.1718,0.4009,95.991,2024-09-16,76.42591999999999,78.157,1.52277,1.633,6.8436699999999995,0.047813200282057246,40.08959,30.686274509803923,660.43,0.004133373199575218
AtorvaCap,Plant_B,Line_2,2024-03-21,6.4,83.16,1.03,7.21,216.0,90.93,Pass,2024-03-21 06:24:00.000000000,SMP_00130,HPLC,4.908,0.1742,0.327,0.5012,94.988,2024-11-03,77.23446,79.525,1.4512299999999998,1.559,6.76129,0.04568453421746417,46.16501,40.9655172413793,532.224,0.005221486019085719
AmoxiTab,Plant_A,Line_2,2024-08-02,8.14,73.7,1.74,6.91,220.0,93.85,Pass,2024-08-02 08:08:24.000000000,SMP_00131,UPLC,5.337,0.153,0.2978,0.4508,95.492,2024-09-03,73.40852,75.787,1.4731,1.608,6.804729999999999,0.05328062831400688,43.13534,26.8978102189781,599.9180000000001,0.004671889897608091
AmoxiTab,Plant_B,Line_1,2024-07-16,8.1,79.72,1.36,6.96,222.0,90.56,Pass,2024-07-16 08:06:00.000000000,SMP_00132,HPLC,5.22,0.3958,0.1277,0.5235,94.765,2024-06-07,74.905,76.73,1.6169300000000002,1.72,6.769299999999999,0.04930005019769204,40.310010000000005,33.77966101694915,645.732,0.005466506552498303
MetforminXR,Plant_A,Line_2,2024-07-18,8.18,71.55,1.38,7.06,199.0,102.02,Pass,2024-07-18 08:10:48.000000000,SMP_00133,UPLC,4.831,0.1337,0.1848,0.3185,96.815,2024-07-21,77.7227,79.44,1.4882900000000001,1.636,6.703790000000001,0.049926470176074336,49.74588,30.063025210084035,585.279,0.003256146807749323
AtorvaCap,Plant_A,Line_2,2024-01-25,7.41,73.49,1.59,6.95,267.0,95.12,Pass,2024-01-25 07:24:36.000000000,SMP_00134,UPLC,5.45,0.2723,0.157,0.4293,95.707,2024-04-21,78.50854,80.495,1.34015,1.498,6.85282,0.04667843574538856,43.53205,28.374517374517374,544.5609,0.004439182272224348
AtorvaCap,Plant_A,Line_3,2024-03-29,7.36,70.93,1.67,7.44,232.0,92.34,Pass,2024-03-29 07:21:36.000000000,SMP_00135,UPLC,5.284,0.3556,0.1904,0.546,94.54,2024-10-18,74.41414,75.987,1.5750899999999999,1.67,6.6478600000000005,0.05019034878451328,50.29468,26.565543071161052,522.0448000000001,0.005714883818296002
MetforminXR,Plant_B,Line_2,2024-09-24,6.92,64.33,1.55,6.38,221.0,93.25,Pass,2024-09-24 06:55:12.000000000,SMP_00136,HPLC,5.36,0.3604,0.2007,0.5611,94.389,2024-11-05,73.24846,75.647,1.3659299999999999,1.489,6.84158,0.05366735930288975,44.04705,25.22745098039216,445.1636,0.005882229607187412
AtorvaCap,Plant_A,Line_1,2024-05-22,8.73,74.82,1.69,6.9,187.0,93.63,Pass,2024-05-22 08:43:48.000000000,SMP_00137,UPLC,4.86,0.1898,0.2222,0.412,95.88,2024-04-28,77.99608,79.605,1.58244,1.716,6.80906,0.053306019520986014,39.31434,27.814126394052042,653.1786,0.004252683732452519
AtorvaCap,Plant_B,Line_2,2024-02-28,9.21,75.64,1.29,6.07,185.0,93.75,Pass,2024-02-28 09:12:36.000000000,SMP_00138,UPLC,5.156,0.2294,0.0521,0.2815,97.185,2024-01-17,75.90495,77.548,1.65209,1.762,6.95088,0.05036077518036863,34.51637,33.03056768558952,696.6444,0.0028670367164027087
AmoxiTab,Plant_A,Line_3,2024-12-30,6.17,80.33,1.49,5.97,211.0,91.04,Pass,2024-12-30 06:10:12.000000000,SMP_00139,UPLC,4.984,0.21,0.2093,0.4193,95.807,2024-11-26,70.89524999999999,72.568,1.47387,1.606,6.782430000000001,0.04063616715203445,41.18229,32.261044176706825,495.6361,0.004331298356523805
AtorvaCap,Plant_A,Line_3,2024-01-26,7.92,78.98,1.75,6.77,199.0,90.42,Pass,2024-01-26 07:55:12.000000000,SMP_00140,UPLC,5.633,0.0965,0.1481,0.2446,97.554,2024-08-14,73.7908,75.875,1.29567,1.388,6.80812,0.06097031567852824,40.1987,28.720000000000002,625.5216,0.0024818881019542586
AtorvaCap,Plant_B,Line_2,2024-02-16,8.29,79.04,2.03,7.02,188.0,91.39,Pass,2024-02-16 08:17:23.999999999,SMP_00141,UPLC,5.429,0.3038,0.1236,0.4274,95.726,2024-12-26,76.43964,78.857,1.5727099999999998,1.695,6.75638,0.04549387349141129,46.977439999999994,26.08580858085809,655.2416,0.004418667162913798
MetforminXR,Plant_A,Line_3,2024-10-14,8.28,70.13,2.14,7.45,209.0,87.44,Pass,2024-10-14 08:16:48.000000000,SMP_00142,HPLC,5.064,0.2539,0.2435,0.4974,95.026,2024-04-26,76.44939000000001,77.994,1.42827,1.54,6.77058,0.048744267728253306,43.3592,22.334394904458595,580.6764,0.005179847124737051
MetforminXR,Plant_A,Line_1,2024-09-22,8.25,77.3,1.63,7.77,214.0,94.87,Pass,2024-09-22 08:15:00.000000000,SMP_00143,HPLC,4.893,0.3941,0.2973,0.6914,93.086,2024-02-12,75.30922,77.158,1.59244,1.695,6.90346,0.04489053352322719,37.29958,29.39163498098859,637.725,0.007348595965393364
AmoxiTab,Plant_B,Line_1,2024-01-16,7.4,82.91,1.75,7.33,224.0,88.79,Pass,2024-01-16 07:24:00.000000000,SMP_00144,UPLC,5.239,0.1677,0.2351,0.4028,95.972,2024-04-24,77.13371000000001,79.429,1.3706399999999999,1.486,6.74832,0.04382353963639433,41.806270000000005,30.14909090909091,613.534,0.00415377634781174
AtorvaCap,Plant_A,Line_2,2024-07-17,8.42,76.9,2.09,7.09,205.0,87.76,Pass,2024-07-17 08:25:12.000000000,SMP_00145,UPLC,5.418,0.3589,0.1385,0.4974,95.026,2024-10-09,74.03133,76.383,1.46425,1.599,6.743110000000001,0.045791555615162745,41.65315,24.886731391585762,647.498,0.005179847124737051
AtorvaCap,Plant_A,Line_2,2024-10-08,8.93,84.14,1.3,6.86,190.0,91.94,Pass,2024-10-08 08:55:48.000000000,SMP_00146,HPLC,4.853,0.3659,0.0939,0.4598,95.402,2024-02-06,72.72452,75.044,1.29242,1.419,6.87485,0.04769545115213899,41.13622,36.582608695652176,751.3702,0.0047696105889919295
AtorvaCap,Plant_A,Line_2,2024-03-26,8.21,85.09,1.69,6.19,191.0,91.48,Pass,2024-03-26 08:12:36.000000000,SMP_00147,UPLC,5.014,0.2547,0.0605,0.3152,96.848,2024-10-28,72.78251,74.437,1.44399,1.574,6.75624,0.048604385220124634,44.73554,31.63197026022305,698.5889000000001,0.003221322868121985
AmoxiTab,Plant_A,Line_3,2024-09-06,8.76,73.66,1.73,6.74,256.0,93.0,Pass,2024-09-06 08:45:36.000000000,SMP_00148,HPLC,4.979,0.0329,0.1946,0.2275,97.725,2024-04-22,74.03891,75.81,1.49274,1.611,6.90369,0.051095413817008134,33.29537,26.98168498168498,645.2615999999999,0.0023043808559128896
AmoxiTab,Plant_B,Line_1,2024-09-26,9.49,71.52,1.93,7.32,182.0,89.73,Pass,2024-09-26 09:29:24.000000000,SMP_00149,UPLC,5.373,0.1987,0.2263,0.425,95.75,2024-02-04,74.5035,76.385,1.51148,1.657,6.5469100000000005,0.04858525673202899,42.63941,24.409556313993175,678.7248,0.004392764857881137
MetforminXR,Plant_B,Line_1,2024-11-30,5.22,71.19,1.16,7.16,231.0,90.43,Pass,2024-11-30 05:13:12.000000000,SMP_00150,UPLC,5.126,0.4286,0.1719,0.6005,93.995,2024-05-11,73.14020000000001,74.927,1.48617,1.631,6.68049,0.05124796029446861,46.11772,32.95833333333333,371.61179999999996,0.00632138533607032
AmoxiTab,Plant_A,Line_3,2024-04-26,9.42,67.42,1.22,6.29,236.0,94.77,Pass,2024-04-26 09:25:12.000000000,SMP_00151,HPLC,5.134,0.2797,0.2547,0.5344,94.656,2024-12-01,75.86075,77.273,1.5104,1.66,6.759969999999999,0.05477344615815604,34.29589,30.369369369369373,635.0964,0.005586685623484151
AtorvaCap,Plant_B,Line_1,2024-01-07,8.51,72.41,1.51,7.05,216.0,94.52,Pass,2024-01-07 08:30:36.000000000,SMP_00152,UPLC,5.235,0.3193,0.0744,0.3937,96.063,2024-12-01,73.93892,75.814,1.4523400000000002,1.569,6.87752,0.05664357461755518,43.409549999999996,28.848605577689245,616.2090999999999,0.004056128493864809
AtorvaCap,Plant_A,Line_2,2024-05-16,6.33,81.04,1.61,7.01,273.0,94.36,Pass,2024-05-16 06:19:48.000000000,SMP_00153,HPLC,5.024,0.2411,0.1663,0.4074,95.926,2024-08-15,74.35145,76.065,1.1728,1.29,6.95076,0.053726039056748484,52.46768,31.049808429118773,512.9832,0.004203206569960588
AmoxiTab,Plant_B,Line_2,2024-06-24,9.2,63.98,1.84,6.94,235.0,92.14,Pass,2024-06-24 09:12:00.000000000,SMP_00154,HPLC,4.911,0.2277,0.16,0.3877,96.123,2024-05-26,74.17353,76.045,1.4588400000000001,1.571,6.78287,0.05039794267886955,39.29299,22.528169014084508,588.6159999999999,0.003991845391925702
AtorvaCap,Plant_A,Line_2,2024-11-23,7.4,69.81,1.66,6.79,275.0,92.68,Pass,2024-11-23 07:24:00.000000000,SMP_00155,HPLC,5.474,0.0633,0.1712,0.2345,97.655,2024-05-01,75.08072,77.286,1.64906,1.762,6.7851,0.049717687846967416,46.07284,26.24436090225564,516.594,0.002376970249860625
AtorvaCap,Plant_A,Line_1,2024-11-10,7.61,74.36,1.45,7.07,200.0,92.92,Pass,2024-11-10 07:36:36.000000000,SMP_00156,UPLC,5.492,0.3295,0.2734,0.6029,93.971,2024-03-21,74.22944000000001,76.133,1.5908000000000002,1.71,6.939640000000001,0.05268939287192566,40.033989999999996,30.35102040816326,565.8796,0.006348253677438375
AmoxiTab,Plant_A,Line_2,2024-08-02,7.24,70.61,1.62,7.08,201.0,89.38,Pass,2024-08-02 07:14:24.000000000,SMP_00157,HPLC,5.236,0.358,0.1716,0.5296,94.704,2024-06-21,74.23543,77.637,1.46205,1.629,6.600169999999999,0.057035352318903006,39.48003,26.950381679389313,511.2164,0.005533728997743041
AmoxiTab,Plant_A,Line_3,2024-03-22,8.45,72.36,1.59,6.54,236.0,97.9,Pass,2024-03-22 08:27:00.000000000,SMP_00158,HPLC,5.25,0.1549,0.1564,0.3113,96.887,2024-06-02,75.39517,77.568,1.6089799999999999,1.709,6.56482,0.04717501906986824,45.61566,27.93822393822394,611.4419999999999,0.0031801975747545643
AtorvaCap,Plant_A,Line_3,2024-08-10,6.82,72.44,2.02,6.98,212.0,97.33,Pass,2024-08-10 06:49:12.000000000,SMP_00159,UPLC,5.452,0.2321,0.1051,0.3372,96.628,2024-05-29,76.13971000000001,78.028,1.53214,1.637,6.7601700000000005,0.052996675138706185,43.37735,23.986754966887418,494.0408,0.003453927152046544
AtorvaCap,Plant_A,Line_1,2024-04-12,9.35,73.71,1.55,6.72,271.0,95.18,Pass,2024-04-12 09:21:00.000000000,SMP_00160,UPLC,5.231,0.2186,0.2863,0.5049,94.951,2024-02-27,78.53464,80.678,1.5341300000000002,1.667,6.91469,0.0530891560005289,46.38564,28.905882352941177,689.1884999999999,0.0052620608435555655
AtorvaCap,Plant_B,Line_3,2024-09-29,7.79,71.35,1.39,6.21,230.0,90.3,Pass,2024-09-29 07:47:24.000000000,SMP_00161,UPLC,5.116,0.292,0.0655,0.3575,96.425,2024-03-03,77.74446,79.456,1.70189,1.826,6.74848,0.05020050303583138,40.40706,29.85355648535565,555.8164999999999,0.003669489350782653
MetforminXR,Plant_A,Line_3,2024-01-14,7.45,70.94,1.63,6.58,189.0,94.16,Pass,2024-01-14 07:27:00.000000000,SMP_00162,UPLC,5.208,0.1956,0.1358,0.3314,96.686,2024-06-04,74.6854,76.803,1.52232,1.645,6.8558900000000005,0.05652136361991414,37.766819999999996,26.973384030418252,528.503,0.0033925025080359513
MetforminXR,Plant_B,Line_1,2024-06-07,9.13,79.67,1.56,6.17,168.0,95.91,Pass,2024-06-07 09:07:48.000000000,SMP_00163,UPLC,5.479,0.3431,0.3155,0.6586,93.414,2024-12-21,73.13319,75.399,1.52723,1.652,6.87581,0.05276509693486263,38.37434,31.12109375,727.3871,0.006975660389349036
MetforminXR,Plant_A,Line_2,2024-05-31,7.52,80.25,1.03,7.19,218.0,87.11,Pass,2024-05-31 07:31:12.000000000,SMP_00164,UPLC,5.211,0.2571,0.2175,0.4746,95.254,2024-11-17,75.47977,77.673,1.56408,1.666,6.84577,0.04823927211036009,40.53371,39.532019704433495,603.48,0.004930704178527646
AmoxiTab,Plant_B,Line_2,2024-04-17,9.42,68.1,1.5,6.94,217.0,98.78,Pass,2024-04-17 09:25:12.000000000,SMP_00165,HPLC,5.066,0.0049,0.1784,0.1833,98.167,2024-06-16,71.99365,73.77,1.38978,1.497,6.77396,0.05037654576920067,27.79942,27.24,641.502,0.0018483971482448798
MetforminXR,Plant_B,Line_2,2024-07-06,9.47,61.2,1.47,6.66,229.0,85.04,Pass,2024-07-06 09:28:12.000000000,SMP_00166,UPLC,5.229,0.2943,0.1817,0.476,95.24,2024-06-14,74.83514,76.587,1.58832,1.731,6.83149,0.0444366522209546,40.38539,24.777327935222676,579.5640000000001,0.004945968412302577
AmoxiTab,Plant_B,Line_1,2024-10-27,6.0,80.32,1.34,7.37,256.0,94.82,Pass,2024-10-27 06:00:00.000000000,SMP_00167,HPLC,5.331,0.3496,0.1043,0.4539,95.461,2024-03-25,75.45602,77.241,1.32604,1.494,6.55422,0.053951639399923784,34.32757,34.324786324786324,481.91999999999996,0.00470552865925089
AmoxiTab,Plant_A,Line_3,2024-04-07,9.66,68.86,1.81,6.83,252.0,97.81,Pass,2024-04-07 09:39:36.000000000,SMP_00168,UPLC,5.307,0.1348,0.1745,0.3093,96.907,2024-05-16,73.15326,74.892,1.3857499999999998,1.517,6.980729999999999,0.055871218263995374,37.03982,24.505338078291814,665.1876,0.0031591203897576273
MetforminXR,Plant_A,Line_2,2024-05-10,5.81,76.06,1.26,6.23,203.0,91.55,Pass,2024-05-10 05:48:36.000000000,SMP_00169,HPLC,5.311,0.2909,0.152,0.4429,95.571,2024-07-07,71.36243,73.375,1.65321,1.772,6.8180700000000005,0.049913309696397574,45.08842,33.654867256637175,441.9086,0.00458626295678827
MetforminXR,Plant_B,Line_2,2024-10-19,9.76,67.17,1.64,6.62,181.0,91.4,Pass,2024-10-19 09:45:36.000000000,SMP_00170,HPLC,5.035,0.433,0.1944,0.6274,93.726,2024-01-02,72.99817,74.996,1.36342,1.489,6.81071,0.04714972819313889,40.17578,25.443181818181824,655.5792,0.006623313556995967
MetforminXR,Plant_A,Line_1,2024-06-19,11.04,81.49,1.46,7.45,183.0,94.67,Pass,2024-06-19 11:02:24.000000000,SMP_00171,UPLC,5.354,0.2612,0.0595,0.3207,96.793,2024-04-15,73.05676,74.903,1.28165,1.406,6.8362,0.05466943821503448,39.572689999999994,33.1260162601626,899.6495999999999,0.003279375824445512
AtorvaCap,Plant_B,Line_2,2024-07-01,9.31,87.72,1.53,6.53,198.0,99.41,Pass,2024-07-01 09:18:36.000000000,SMP_00172,UPLC,5.206,0.3642,0.2118,0.576,94.24,2024-12-29,70.86677,73.014,1.52148,1.619,6.78869,0.04453274700212818,36.5628,34.671936758893274,816.6732000000001,0.0060478790424191515
MetforminXR,Plant_A,Line_1,2024-12-29,4.76,75.91,1.62,6.91,209.0,90.88,Pass,2024-12-29 04:45:36.000000000,SMP_00173,HPLC,5.058,0.2058,0.2613,0.4671,95.329,2024-03-12,76.38965,78.407,1.5297800000000001,1.671,6.83967,0.05074357301196083,44.92009,28.97328244274809,361.3316,0.004849007048759979
AtorvaCap,Plant_B,Line_3,2024-02-08,9.6,74.53,1.11,7.1,229.0,88.88,Pass,2024-02-08 09:36:00.000000000,SMP_00174,UPLC,5.352,0.2482,0.1637,0.4119,95.881,2024-05-05,77.60322000000001,79.791,1.4243700000000001,1.546,6.807849999999999,0.04995379177931668,41.78506,35.322274881516584,715.4879999999999,0.004251607642365376
AmoxiTab,Plant_B,Line_1,2024-01-15,11.37,73.39,1.56,7.04,196.0,90.3,Pass,2024-01-15 11:22:12.000000000,SMP_00175,UPLC,5.109,0.2295,0.2318,0.4613,95.387,2024-06-18,71.8725,74.086,1.5219999999999998,1.65,6.69878,0.050629487954205736,34.65468,28.66796875,834.4443,0.0047859151130339155
AtorvaCap,Plant_A,Line_1,2024-01-04,7.55,78.91,2.19,7.78,228.0,85.79,Pass,2024-01-04 07:33:00.000000000,SMP_00176,HPLC,4.885,0.2113,0.2048,0.4161,95.839,2024-07-23,75.48124,77.384,1.81432,1.929,6.89518,0.04860630960413814,39.60295,24.73667711598746,595.7705,0.0042968225611582115
MetforminXR,Plant_B,Line_1,2024-12-14,7.95,77.84,1.03,6.33,231.0,95.59,Pass,2024-12-14 07:57:00.000000000,SMP_00177,HPLC,5.0,0.2352,0.1314,0.3666,96.334,2024-11-08,75.06715,76.965,1.3985999999999998,1.525,6.90548,0.048116332093598,42.63678,38.3448275862069,618.8280000000001,0.00376641255881809
AmoxiTab,Plant_A,Line_1,2024-07-28,6.22,80.02,1.48,6.37,224.0,89.94,Pass,2024-07-28 06:13:12.000000000,SMP_00178,HPLC,5.164,0.0869,0.0953,0.1822,98.178,2024-12-02,72.28595999999999,74.022,1.4492599999999998,1.582,6.790159999999999,0.054863231233806674,37.458740000000006,32.266129032258064,497.72439999999995,0.0018371009699731796
AmoxiTab,Plant_B,Line_3,2024-06-09,8.47,71.86,1.84,6.34,186.0,91.17,Pass,2024-06-09 08:28:12.000000000,SMP_00179,UPLC,5.316,0.2169,0.1065,0.3234,96.766,2024-07-13,76.29503,78.554,1.62043,1.726,6.76572,0.05343968184747737,46.08889,25.302816901408452,608.6542000000001,0.0033078984514043736
AmoxiTab,Plant_B,Line_3,2024-01-16,9.9,76.7,1.59,6.68,234.0,95.64,Pass,2024-01-16 09:54:00.000000000,SMP_00180,UPLC,5.027,0.3838,0.2034,0.5872,94.128,2024-06-06,71.79066,74.458,1.58738,1.741,6.83212,0.05287841590561198,38.85486,29.613899613899616,759.33,0.006172735682448911
AtorvaCap,Plant_A,Line_2,2024-04-17,9.05,72.29,1.71,7.24,282.0,90.49,Pass,2024-04-17 09:03:00.000000000,SMP_00181,UPLC,5.152,0.1536,0.1755,0.3291,96.709,2024-05-20,74.29854999999999,76.052,1.5591499999999998,1.712,6.7304200000000005,0.05151349337794927,54.238,26.67527675276753,654.2245000000001,0.0033681646521814775
MetforminXR,Plant_A,Line_3,2024-11-06,12.71,69.71,0.79,6.39,227.0,95.04,Pass,2024-11-06 12:42:36.000000000,SMP_00182,UPLC,4.957,0.1434,0.282,0.4254,95.746,2024-10-01,76.67268,79.099,1.51755,1.596,6.87178,0.0507311352209674,39.69268,38.94413407821229,886.0141,0.0043970810162694066
AmoxiTab,Plant_A,Line_3,2024-08-14,8.05,74.79,1.68,7.25,131.0,87.85,Pass,2024-08-14 08:03:00.000000000,SMP_00183,HPLC,5.396,0.2561,0.2433,0.4994,95.006,2024-01-07,77.03089,79.466,1.4372300000000002,1.567,6.7091899999999995,0.05308002249320147,43.21585,27.906716417910452,602.0595000000001,0.005201758223444368
AmoxiTab,Plant_B,Line_2,2024-06-18,5.55,70.39,1.27,6.81,257.0,95.83,Pass,2024-06-18 05:33:00.000000000,SMP_00184,UPLC,5.543,0.2611,0.2431,0.5042,94.958,2024-02-23,74.80305,76.677,1.45054,1.574,6.8652,0.04871935711373622,41.702560000000005,31.008810572687224,390.6645,0.005254382125513245
AmoxiTab,Plant_A,Line_3,2024-02-03,8.26,80.87,1.59,6.36,199.0,93.37,Pass,2024-02-03 08:15:36.000000000,SMP_00185,HPLC,5.522,0.2877,0.201,0.4887,95.113,2024-04-13,76.24363,77.949,1.51128,1.655,6.83655,0.04559425247315555,42.72936,31.223938223938227,667.9862,0.005084639955052907
AtorvaCap,Plant_B,Line_1,2024-09-07,4.38,70.69,1.49,6.1,288.0,91.65,Pass,2024-09-07 04:22:48.000000000,SMP_00186,UPLC,5.393,0.2386,0.103,0.3416,96.584,2024-12-07,76.55378,78.283,1.63444,1.769,6.8001700000000005,0.04845117400668691,39.41797,28.389558232931723,309.62219999999996,0.003500573864567962
AtorvaCap,Plant_B,Line_1,2024-09-03,7.2,76.82,2.18,6.19,223.0,92.52,Pass,2024-09-03 07:12:00.000000000,SMP_00187,UPLC,5.373,0.2572,0.206,0.4632,95.368,2024-12-03,74.18227,76.178,1.56586,1.702,6.71851,0.0524599886012225,48.25835,24.157232704402514,553.1039999999999,0.004806574796612984
MetforminXR,Plant_A,Line_2,2024-09-25,10.44,71.98,1.66,6.53,169.0,86.85,Pass,2024-09-25 10:26:24.000000000,SMP_00188,HPLC,4.786,0.2149,0.1851,0.4,96.0,2024-03-01,75.95572,77.834,1.5600800000000001,1.695,6.97139,0.04733779215021082,43.16368000000001,27.06015037593985,751.4712,0.004123711340206186
AtorvaCap,Plant_A,Line_2,2024-05-20,8.49,76.39,1.47,6.73,158.0,92.43,Pass,2024-05-20 08:29:24.000000000,SMP_00189,UPLC,5.235,0.1224,0.0889,0.2113,97.887,2024-03-27,73.65566,75.436,1.4327,1.54,6.67398,0.05017423782594152,45.70707,30.927125506072876,648.5511,0.002136782387978197
AmoxiTab,Plant_B,Line_2,2024-09-30,8.27,72.38,1.05,7.34,266.0,91.43,Pass,2024-09-30 08:16:12.000000000,SMP_00190,UPLC,5.101,0.2429,0.2768,0.5197,94.803,2024-09-14,75.40821,77.039,1.45672,1.598,6.72909,0.04417026171760852,31.32583,35.30731707317073,598.5826,0.005424673548845026
MetforminXR,Plant_B,Line_1,2024-04-05,10.73,68.71,1.54,7.12,253.0,86.96,Pass,2024-04-05 10:43:48.000000000,SMP_00191,HPLC,5.376,0.3225,0.2682,0.5907,94.093,2024-06-26,74.51115,76.657,1.29709,1.408,6.82129,0.048668803398505864,40.42888,27.0511811023622,737.2583,0.0062118136981691606
AmoxiTab,Plant_A,Line_3,2024-08-14,7.59,77.42,1.75,6.46,287.0,89.32,Pass,2024-08-14 07:35:24.000000000,SMP_00192,UPLC,4.692,0.3015,0.0885,0.39,96.1,2024-08-29,74.18954,75.82,1.52678,1.636,6.760839999999999,0.05080358692498453,31.01698,28.152727272727272,587.6178,0.004016477857878476
AmoxiTab,Plant_A,Line_1,2024-02-08,9.89,73.82,1.48,6.96,220.0,91.48,Pass,2024-02-08 09:53:24.000000000,SMP_00193,HPLC,5.239,0.0756,0.129,0.2046,97.954,2024-07-21,76.80473,79.369,1.4845,1.582,6.8483600000000004,0.04974165987653332,37.15571,29.76612903225806,730.0798,0.0020676273824201145
AtorvaCap,Plant_A,Line_2,2024-10-28,8.19,76.43,1.35,7.46,218.0,89.57,Pass,2024-10-28 08:11:24.000000000,SMP_00194,HPLC,5.157,0.2752,0.136,0.4112,95.888,2024-01-31,74.10598,75.849,1.4152500000000001,1.502,6.70931,0.051693872602528536,29.16353,32.52340425531915,625.9617000000001,0.00424407563372141
MetforminXR,Plant_A,Line_3,2024-01-29,8.57,72.86,1.33,7.55,209.0,82.35,Fail,2024-01-29 08:34:11.999999999,SMP_00195,HPLC,5.424,0.1607,0.2288,0.3895,96.105,2024-10-15,74.46755,76.32,1.3510400000000002,1.502,6.66611,0.046052209063148775,41.32846000000001,31.27038626609442,624.4102,0.004011121981360383
AtorvaCap,Plant_A,Line_3,2024-11-13,6.17,68.36,1.66,6.67,200.0,96.31,Pass,2024-11-13 06:10:12.000000000,SMP_00196,HPLC,5.51,0.3892,0.2196,0.6088,93.912,2024-03-20,72.0174,73.95,1.3675,1.467,6.79005,0.0531366401389149,38.88713,25.69924812030075,421.7812,0.006414362778152393
AtorvaCap,Plant_B,Line_1,2024-09-01,7.28,80.42,1.73,7.18,208.0,91.43,Pass,2024-09-01 07:16:48.000000000,SMP_00197,UPLC,5.014,0.2826,0.1836,0.4662,95.338,2024-01-11,74.91698000000001,77.116,1.6054300000000001,1.711,6.87755,0.04672882764775221,45.961710000000004,29.45787545787546,585.4576000000001,0.004839211941290042
MetforminXR,Plant_B,Line_2,2024-08-23,5.9,78.68,1.91,7.36,227.0,82.9,Fail,2024-08-23 05:54:00.000000000,SMP_00198,UPLC,5.023,0.3396,0.2019,0.5415,94.585,2024-09-10,75.55112,78.194,1.62458,1.737,6.77039,0.050973531455951876,38.818200000000004,27.037800687285223,464.21200000000005,0.005665114819270806
AmoxiTab,Plant_B,Line_1,2024-07-03,7.86,72.17,1.2,6.2,195.0,100.54,Pass,2024-07-03 07:51:36.000000000,SMP_00199,UPLC,5.246,0.2521,0.077,0.3291,96.709,2024-10-13,74.52434,76.312,1.48089,1.618,6.75275,0.05406307109816884,46.62585,32.804545454545455,567.2562,0.0033681646521814775
AmoxiTab,Plant_B,Line_3,2024-09-28,8.59,75.35,1.66,6.6,170.0,96.97,Pass,2024-09-28 08:35:24.000000000,SMP_00200,HPLC,5.547,0.2434,0.2105,0.4539,95.461,2024-06-24,76.96531,78.817,1.4683099999999998,1.599,6.77496,0.046278891058189296,39.951460000000004,28.32706766917293,647.2565,0.00470552865925089
MetforminXR,Plant_A,Line_1,2024-08-23,6.33,80.21,1.46,7.69,225.0,90.6,Pass,2024-08-23 06:19:48.000000000,SMP_00201,UPLC,5.212,0.3996,0.1719,0.5715,94.285,2024-05-05,74.95143,77.387,1.6121299999999998,1.704,6.72887,0.05225629438670816,43.237539999999996,32.605691056910565,507.72929999999997,0.0059977960854279274
AmoxiTab,Plant_A,Line_1,2024-08-26,11.07,72.71,1.47,6.68,194.0,88.63,Pass,2024-08-26 11:04:12.000000000,SMP_00202,UPLC,4.944,0.3473,0.1257,0.473,95.27,2024-02-16,73.5489,75.619,1.40985,1.525,6.855309999999999,0.0503752975778864,38.880390000000006,29.437246963562753,804.8996999999999,0.00491326477615041
MetforminXR,Plant_A,Line_2,2024-09-22,8.42,73.49,1.62,5.63,123.0,93.61,Pass,2024-09-22 08:25:12.000000000,SMP_00203,UPLC,5.079,0.2618,0.0574,0.3192,96.808,2024-07-24,75.64947000000001,77.372,1.42649,1.571,6.82092,0.055817646824008124,41.95381999999999,28.049618320610683,618.7858,0.0032635367250122686
MetforminXR,Plant_B,Line_2,2024-12-24,8.09,76.22,1.62,6.75,237.0,92.81,Pass,2024-12-24 08:05:24.000000000,SMP_00204,UPLC,5.241,0.23,0.1822,0.4122,95.878,2024-04-16,74.27896,75.953,1.42476,1.581,6.74715,0.0543543136663633,39.5376,29.09160305343511,616.6197999999999,0.0042548359792729
AtorvaCap,Plant_B,Line_3,2024-12-05,9.15,72.7,1.66,7.25,187.0,94.17,Pass,2024-12-05 09:09:00.000000000,SMP_00205,HPLC,5.248,0.0793,0.2086,0.2879,97.121,2024-10-01,76.25252,78.274,1.46585,1.58,6.810420000000001,0.04959312839334068,40.29942,27.330827067669173,665.205,0.0029341323467963025
MetforminXR,Plant_A,Line_1,2024-03-05,6.76,79.29,1.18,6.8,240.0,88.64,Pass,2024-03-05 06:45:36.000000000,SMP_00206,HPLC,5.059,0.2825,0.0438,0.3263,96.737,2024-12-02,74.54956,76.535,1.5448300000000001,1.691,7.02054,0.05244167900601294,43.3769,36.37155963302753,536.0004,0.0033385514186029855
AtorvaCap,Plant_A,Line_1,2024-06-25,8.25,74.16,1.28,7.09,239.0,96.39,Pass,2024-06-25 08:15:00.000000000,SMP_00207,UPLC,5.075,0.2374,0.1815,0.4189,95.811,2024-05-02,74.22579999999999,75.977,1.52038,1.649,6.73658,0.04364669448416386,43.83545,32.52631578947368,611.8199999999999,0.004326987635702554
AmoxiTab,Plant_B,Line_1,2024-01-03,6.92,71.08,1.95,7.18,229.0,90.11,Pass,2024-01-03 06:55:12.000000000,SMP_00208,HPLC,5.004,0.3054,0.1898,0.4952,95.048,2024-05-13,77.535,79.131,1.49612,1.658,6.85067,0.04305529801161165,40.997960000000006,24.094915254237286,491.8736,0.0051557554556055304
AmoxiTab,Plant_B,Line_3,2024-05-21,10.34,78.04,1.43,6.66,295.0,94.72,Pass,2024-05-21 10:20:24.000000000,SMP_00209,UPLC,5.428,0.3358,0.1357,0.4715,95.285,2024-04-16,73.30032,74.657,1.50034,1.665,6.8701099999999995,0.04944865615928903,41.19635,32.11522633744857,806.9336000000001,0.004896920600301189
AmoxiTab,Plant_A,Line_3,2024-06-06,6.41,69.29,1.59,6.59,216.0,88.81,Pass,2024-06-06 06:24:36.000000000,SMP_00210,UPLC,5.033,0.3733,0.2104,0.5837,94.163,2024-10-31,74.08214,75.859,1.4980799999999999,1.625,6.64273,0.04633471874972549,42.466530000000006,26.752895752895757,444.1489,0.0061336864117356536
AmoxiTab,Plant_A,Line_2,2024-11-19,8.09,85.07,1.82,6.86,211.0,102.59,Pass,2024-11-19 08:05:24.000000000,SMP_00211,UPLC,5.107,0.2837,0.1694,0.4531,95.469,2024-11-24,74.54215,76.436,1.54691,1.648,6.86789,0.050075880804872894,39.24115,30.16666666666666,688.2162999999999,0.004696845618799822
AtorvaCap,Plant_B,Line_2,2024-05-25,8.49,82.91,1.64,6.87,241.0,94.78,Pass,2024-05-25 08:29:24.000000000,SMP_00212,HPLC,5.101,0.1454,0.2027,0.3481,96.519,2024-02-19,75.67515,78.266,1.43781,1.544,6.80219,0.04543386691253843,35.39853,31.40530303030303,703.9059,0.0035695608035357213
AmoxiTab,Plant_A,Line_2,2024-10-19,8.59,77.57,1.66,6.82,218.0,103.54,Pass,2024-10-19 08:35:24.000000000,SMP_00213,UPLC,4.879,0.0351,0.2227,0.2578,97.422,2024-12-02,77.26087000000001,79.647,1.3181399999999999,1.44,6.72706,0.05223022461790081,42.39952,29.161654135338342,666.3263,0.002619333075938306
MetforminXR,Plant_A,Line_1,2024-06-01,7.13,77.15,1.77,6.84,255.0,95.31,Pass,2024-06-01 07:07:48.000000000,SMP_00214,HPLC,5.027,0.1675,0.2228,0.3903,96.097,2024-04-04,76.49070999999999,78.052,1.36462,1.497,6.97825,0.05064221399567578,39.78924,27.85198555956679,550.0795,0.004019691648557628
MetforminXR,Plant_A,Line_1,2024-07-11,6.66,76.91,0.87,6.5,182.0,89.75,Pass,2024-07-11 06:39:36.000000000,SMP_00215,HPLC,5.446,0.3833,0.2613,0.6446,93.554,2024-09-24,75.60615,77.66,1.45256,1.573,6.95056,0.05078918997367277,43.586040000000004,41.1283422459893,512.2206,0.006817268439198764
MetforminXR,Plant_B,Line_2,2024-03-13,7.15,72.55,1.35,7.1,182.0,95.32,Pass,2024-03-13 07:09:00.000000000,SMP_00216,UPLC,4.958,0.4323,0.2071,0.6394,93.606,2024-01-23,70.89717,72.987,1.5418399999999999,1.65,6.76819,0.05203217633097224,44.37387,30.872340425531913,518.7325,0.0067585565397543495
AtorvaCap,Plant_B,Line_1,2024-10-31,8.79,76.49,1.64,7.04,243.0,95.6,Pass,2024-10-31 08:47:24.000000000,SMP_00217,HPLC,5.007,0.2262,0.1418,0.368,96.32,2024-02-23,75.15765999999999,77.642,1.32458,1.454,6.74189,0.05076105542120605,42.55289,28.97348484848485,672.3470999999998,0.0037813399095766543
AmoxiTab,Plant_B,Line_2,2024-12-09,7.78,70.38,1.92,6.27,185.0,93.49,Pass,2024-12-09 07:46:48.000000000,SMP_00218,HPLC,4.933,0.1039,0.1282,0.2321,97.679,2024-09-10,75.19397,77.578,1.48574,1.625,6.75239,0.04755706726097222,37.77136,24.102739726027398,547.5563999999999,0.002352070856007864
AmoxiTab,Plant_B,Line_3,2024-05-19,9.19,77.52,1.52,6.64,238.0,94.52,Pass,2024-05-19 09:11:24.000000000,SMP_00219,UPLC,5.182,0.1852,0.0949,0.2801,97.199,2024-08-22,77.55938,79.253,1.5140799999999999,1.626,6.80604,0.048193197055437544,27.78631,30.76190476190476,712.4087999999999,0.002852371205409424
AmoxiTab,Plant_B,Line_2,2024-07-05,8.72,79.34,1.25,6.84,231.0,95.05,Pass,2024-07-05 08:43:12.000000000,SMP_00220,HPLC,5.577,0.3638,0.1921,0.5559,94.441,2024-02-28,75.37483,78.331,1.53379,1.647,6.85789,0.05586399339087504,47.18694000000001,35.26222222222222,691.8448000000001,0.005824540815791954
AtorvaCap,Plant_B,Line_3,2024-10-19,4.58,73.11,1.25,6.59,199.0,88.03,Pass,2024-10-19 04:34:47.999999999,SMP_00221,HPLC,5.173,0.1909,0.2857,0.4766,95.234,2024-06-12,75.77716000000001,78.032,1.57141,1.726,6.77894,0.05126398700487852,29.010180000000002,32.49333333333333,334.8438,0.004952511586341626
MetforminXR,Plant_B,Line_1,2024-03-01,8.37,72.02,1.77,7.05,231.0,87.74,Pass,2024-03-01 08:22:12.000000000,SMP_00222,UPLC,5.213,0.3089,0.1513,0.4602,95.398,2024-09-15,78.60151,80.603,1.4143299999999999,1.563,6.82948,0.0440670930158627,35.37647,26.0,602.8073999999999,0.004773957965932904
MetforminXR,Plant_A,Line_2,2024-07-16,11.38,68.94,1.43,6.77,183.0,88.82,Pass,2024-07-16 11:22:48.000000000,SMP_00223,UPLC,5.041,0.2669,0.216,0.4829,95.171,2024-11-09,75.7144,77.699,1.4210800000000001,1.597,6.76291,0.04405439589847754,41.602889999999995,28.370370370370374,784.5372,0.005021264206465566
AmoxiTab,Plant_A,Line_1,2024-10-21,9.99,82.29,1.5,6.87,190.0,92.51,Pass,2024-10-21 09:59:24.000000000,SMP_00224,HPLC,5.188,0.321,0.1198,0.4408,95.592,2024-08-03,76.92788,79.373,1.55519,1.669,6.70661,0.051390738268660446,47.297839999999994,32.916000000000004,822.0771000000001,0.004563524929600795
MetforminXR,Plant_A,Line_3,2024-11-14,8.63,72.42,1.68,6.64,213.0,91.11,Pass,2024-11-14 08:37:48.000000000,SMP_00225,UPLC,5.446,0.4318,0.1956,0.6274,93.726,2024-07-01,77.34948,79.234,1.6141999999999999,1.736,6.83171,0.045787673123899114,35.0569,27.022388059701495,624.9846000000001,0.006623313556995967
MetforminXR,Plant_A,Line_3,2024-10-28,6.41,74.01,0.63,6.0,222.0,88.1,Pass,2024-10-28 06:24:36.000000000,SMP_00226,UPLC,5.229,0.309,0.2807,0.5897,94.103,2024-02-26,74.77394,76.914,1.5282499999999999,1.648,6.6984900000000005,0.04816333636384596,46.35197,45.40490797546013,474.4041,0.006200645615806021
AtorvaCap,Plant_A,Line_3,2024-12-09,8.72,76.5,2.1,5.98,211.0,95.1,Pass,2024-12-09 08:43:12.000000000,SMP_00227,HPLC,5.626,0.2647,0.2349,0.4996,95.004,2024-05-24,76.75469,78.858,1.52309,1.663,6.77438,0.04836514731443992,41.44817,24.677419354838708,667.08,0.005203949835423524
AtorvaCap,Plant_A,Line_1,2024-01-11,9.11,76.41,1.28,7.04,233.0,93.13,Pass,2024-01-11 09:06:36.000000000,SMP_00228,HPLC,5.452,0.4428,0.0543,0.4971,95.029,2024-03-30,75.1543,76.79,1.39018,1.516,6.79404,0.051395853309131254,50.122780000000006,33.513157894736835,696.0950999999999,0.005176561247123265
AtorvaCap,Plant_A,Line_1,2024-03-02,7.62,78.73,1.57,6.91,232.0,92.68,Pass,2024-03-02 07:37:12.000000000,SMP_00229,UPLC,5.183,0.285,0.2257,0.5107,94.893,2024-11-06,73.46351,75.296,1.49692,1.602,6.6354999999999995,0.051490412954865915,39.599070000000005,30.634241245136185,599.9226,0.005325727633925313
AtorvaCap,Plant_B,Line_1,2024-11-28,8.48,73.1,0.99,6.98,266.0,90.97,Pass,2024-11-28 08:28:48.000000000,SMP_00230,HPLC,5.179,0.1707,0.2293,0.4,96.0,2024-02-14,74.9889,76.977,1.48159,1.597,6.88804,0.052637107163151224,43.052820000000004,36.73366834170854,619.888,0.004123711340206186
AmoxiTab,Plant_B,Line_1,2024-08-13,10.26,69.31,1.37,6.85,217.0,90.49,Pass,2024-08-13 10:15:36.000000000,SMP_00231,UPLC,5.526,0.3187,0.1939,0.5126,94.874,2024-09-13,75.92461,77.874,1.4866300000000001,1.667,6.94769,0.050698095316164295,40.93619,29.244725738396625,711.1206,0.005346600746813526
AtorvaCap,Plant_A,Line_3,2024-06-01,6.71,68.43,1.87,6.89,256.0,88.63,Pass,2024-06-01 06:42:36.000000000,SMP_00232,UPLC,5.227,0.2947,0.2334,0.5281,94.719,2024-01-21,76.37191,79.182,1.5459200000000002,1.673,6.92234,0.051188741659932084,43.47526,23.843205574912893,459.16530000000006,0.005517190944326623
MetforminXR,Plant_A,Line_3,2024-07-17,6.41,72.1,0.93,7.19,248.0,95.73,Pass,2024-07-17 06:24:36.000000000,SMP_00233,HPLC,5.482,0.2192,0.1133,0.3325,96.675,2024-01-21,74.45064,76.461,1.36432,1.501,6.7991600000000005,0.051107674017063065,37.537890000000004,37.357512953367866,462.161,0.0034041464038904535
AmoxiTab,Plant_B,Line_2,2024-02-21,9.04,70.24,1.84,6.98,289.0,89.19,Pass,2024-02-21 09:02:24.000000000,SMP_00234,HPLC,5.601,0.1982,0.1851,0.3833,96.167,2024-02-21,72.95691,75.368,1.64719,1.758,6.71316,0.051415070698672516,44.0035,24.732394366197184,634.9695999999999,0.003944754906501178
MetforminXR,Plant_A,Line_2,2024-09-16,8.69,73.48,1.42,7.22,216.0,92.84,Pass,2024-09-16 08:41:24.000000000,SMP_00235,UPLC,5.159,0.2202,0.2688,0.489,95.11,2024-12-03,75.54437,77.222,1.40961,1.525,7.02886,0.047321385602637815,41.65551000000001,30.363636363636367,638.5412,0.005087920091561752
MetforminXR,Plant_A,Line_1,2024-02-28,9.54,81.54,1.65,6.87,207.0,98.65,Pass,2024-02-28 09:32:24.000000000,SMP_00236,UPLC,5.27,0.1968,0.2616,0.4584,95.416,2024-06-19,72.26394,74.25,1.47607,1.566,6.73411,0.04571914591317627,46.65432,30.76981132075472,777.8916,0.004754397610355128
MetforminXR,Plant_B,Line_3,2024-03-12,8.85,73.11,1.7,6.68,258.0,90.67,Pass,2024-03-12 08:51:00.000000000,SMP_00237,UPLC,5.396,0.2234,0.2238,0.4472,95.528,2024-03-07,74.81049,77.057,1.38112,1.5,6.76617,0.0475237431355754,46.12245,27.077777777777776,647.0235,0.004632852643792474
AtorvaCap,Plant_A,Line_3,2024-05-27,7.15,73.11,1.63,6.88,232.0,95.84,Pass,2024-05-27 07:09:00.000000000,SMP_00238,UPLC,5.354,0.1657,0.1094,0.2751,97.249,2024-04-22,73.47416,75.283,1.59411,1.721,6.70667,0.05231259094823332,41.66564,27.798479087452474,522.7365,0.002800028499017802
AtorvaCap,Plant_B,Line_3,2024-12-14,8.65,74.92,1.24,6.47,258.0,94.27,Pass,2024-12-14 08:39:00.000000000,SMP_00239,HPLC,5.352,0.2886,0.0968,0.3854,96.146,2024-10-26,74.22353,76.693,1.39335,1.537,6.648820000000001,0.050580744529630045,38.54991,33.44642857142857,648.058,0.0039672245897926835
AmoxiTab,Plant_A,Line_2,2024-03-03,6.29,72.97,1.39,6.65,242.0,93.25,Pass,2024-03-03 06:17:23.999999999,SMP_00240,UPLC,4.933,0.2811,0.1892,0.4703,95.297,2024-06-08,76.75625,78.602,1.43641,1.543,6.78538,0.04539474005038935,38.1998,30.53138075313808,458.9813,0.004883848925719389
AmoxiTab,Plant_B,Line_2,2024-11-05,7.62,74.66,1.06,6.87,157.0,93.72,Pass,2024-11-05 07:37:12.000000000,SMP_00241,HPLC,5.03,0.2845,0.1945,0.479,95.21,2024-09-22,72.7017,74.745,1.59118,1.748,6.75551,0.04849335995366746,44.59455,36.24271844660194,568.9091999999999,0.00497869244361293
AtorvaCap,Plant_B,Line_3,2024-08-30,8.75,77.7,1.65,6.87,231.0,91.62,Pass,2024-08-30 08:45:00.000000000,SMP_00242,HPLC,5.101,0.2438,0.172,0.4158,95.842,2024-11-15,74.68412000000001,76.569,1.38263,1.525,6.712720000000001,0.051293388630229246,38.52343,29.320754716981135,679.875,0.004293591623469156
MetforminXR,Plant_B,Line_3,2024-11-25,7.46,79.42,2.01,6.76,229.0,92.14,Pass,2024-11-25 07:27:36.000000000,SMP_00243,UPLC,5.443,0.2322,0.1156,0.3478,96.522,2024-08-19,75.02789,77.101,1.55016,1.658,6.75216,0.048826785164445934,44.835280000000004,26.385382059800666,592.4732,0.003566374766719304
AmoxiTab,Plant_A,Line_3,2024-04-16,11.7,80.02,0.95,6.24,224.0,89.81,Pass,2024-04-16 11:42:00.000000000,SMP_00244,HPLC,4.953,0.3942,0.215,0.6092,93.908,2024-11-20,73.06813,76.284,1.4591900000000002,1.558,6.7419,0.04885052443294472,38.35819,41.03589743589743,936.2339999999999,0.0064188477262190746
AtorvaCap,Plant_B,Line_2,2024-08-13,5.16,85.28,1.27,7.05,216.0,92.17,Pass,2024-08-13 05:09:36.000000000,SMP_00245,HPLC,5.505,0.2567,0.1888,0.4455,95.545,2024-03-08,79.48782,81.409,1.43216,1.533,6.7762199999999995,0.047970020098836774,49.24061,37.56828193832599,440.0448,0.004614428504842302
AtorvaCap,Plant_A,Line_3,2024-11-08,7.18,77.85,1.45,7.13,172.0,89.66,Pass,2024-11-08 07:10:48.000000000,SMP_00246,UPLC,5.356,0.3764,0.2032,0.5796,94.204,2024-01-28,71.55724000000001,73.181,1.5146700000000002,1.689,6.69974,0.04515330116459496,41.42206,31.775510204081627,558.963,0.006087979496659805
AtorvaCap,Plant_A,Line_3,2024-08-05,6.59,86.17,1.55,7.46,246.0,96.02,Pass,2024-08-05 06:35:24.000000000,SMP_00247,HPLC,5.431,0.1504,0.2275,0.3779,96.221,2024-04-25,75.85789,78.206,1.56702,1.681,6.8893200000000006,0.05002724106409266,38.17757,33.7921568627451,567.8603,0.0038870202939694097
MetforminXR,Plant_A,Line_1,2024-08-28,6.95,71.12,1.76,6.98,231.0,85.2,Pass,2024-08-28 06:57:00.000000000,SMP_00248,HPLC,5.014,0.3089,0.1581,0.467,95.33,2024-02-20,75.32247000000001,76.815,1.6203999999999998,1.751,6.66173,0.0447833967700376,49.39086,25.768115942028988,494.28400000000005,0.0048479186131008
AtorvaCap,Plant_A,Line_1,2024-09-15,7.04,85.46,1.45,6.8,253.0,93.92,Pass,2024-09-15 07:02:24.000000000,SMP_00249,UPLC,5.214,0.1765,0.1409,0.3174,96.826,2024-06-29,74.59488999999999,76.457,1.38429,1.486,6.93703,0.0496890238474162,40.38253,34.88163265306122,601.6383999999999,0.0032445362173655267
AtorvaCap,Plant_B,Line_2,2024-09-18,6.01,73.1,1.41,6.39,174.0,93.35,Pass,2024-09-18 06:00:36.000000000,SMP_00250,UPLC,5.26,0.1944,0.2686,0.463,95.37,2024-09-16,73.74282,75.697,1.58275,1.699,6.8679499999999996,0.04819706495946688,36.84594,30.331950207468875,439.33099999999996,0.004804399709453149
AtorvaCap,Plant_B,Line_3,2024-01-05,9.13,73.59,1.83,7.4,235.0,92.98,Pass,2024-01-05 09:07:48.000000000,SMP_00251,UPLC,5.251,0.2088,0.1194,0.3282,96.718,2024-03-19,77.31027,79.397,1.51013,1.659,6.71139,0.056144635549713204,40.34454,26.003533568904594,671.8767000000001,0.003358644262060214
AtorvaCap,Plant_A,Line_3,2024-09-17,7.18,74.4,1.7,6.9,213.0,96.1,Pass,2024-09-17 07:10:48.000000000,SMP_00252,UPLC,5.259,0.2025,0.1425,0.345,96.55,2024-09-29,72.86757,74.423,1.5432599999999999,1.656,6.834980000000001,0.046837130224606706,44.48023,27.555555555555557,534.192,0.0035366478728856995
AmoxiTab,Plant_A,Line_1,2024-02-23,8.25,73.91,1.66,6.88,224.0,90.86,Pass,2024-02-23 08:15:00.000000000,SMP_00253,UPLC,5.145,0.203,0.2787,0.4817,95.183,2024-04-17,75.61984000000001,77.891,1.52288,1.643,6.79646,0.05560419648431805,41.1158,27.785714285714285,609.7574999999999,0.005008161525425491
AmoxiTab,Plant_B,Line_2,2024-02-16,7.35,75.43,1.53,6.7,213.0,93.02,Pass,2024-02-16 07:21:00.000000000,SMP_00254,UPLC,5.227,0.3717,0.1362,0.5079,94.921,2024-03-14,75.52161,77.378,1.51372,1.641,6.82154,0.05096214083002988,43.42788,29.81422924901186,554.4105000000001,0.005294982329208411
AtorvaCap,Plant_A,Line_1,2024-08-02,6.96,72.1,1.79,6.67,236.0,85.13,Pass,2024-08-02 06:57:36.000000000,SMP_00255,UPLC,5.407,0.2545,0.1721,0.4266,95.734,2024-06-23,75.26329,77.273,1.40954,1.573,6.88683,0.05184379315683703,35.618339999999996,25.842293906810035,501.816,0.004410031633138297
MetforminXR,Plant_B,Line_1,2024-06-25,10.51,79.15,1.3,7.08,215.0,90.34,Pass,2024-06-25 10:30:36.000000000,SMP_00256,HPLC,4.967,0.2725,0.147,0.4195,95.805,2024-07-02,69.02644000000001,70.756,1.59447,1.74,6.90845,0.05699572463143714,40.223330000000004,34.413043478260875,831.8665000000001,0.004333453850524249
AmoxiTab,Plant_A,Line_1,2024-01-09,9.38,72.24,1.26,6.39,188.0,95.42,Pass,2024-01-09 09:22:48.000000000,SMP_00257,HPLC,5.509,0.2043,0.0373,0.2416,97.584,2024-01-23,78.80568,80.735,1.66607,1.782,6.62531,0.05557899010790077,38.35725,31.964601769911503,677.6112,0.002450701939462793
AtorvaCap,Plant_A,Line_1,2024-04-08,5.2,78.28,1.72,7.45,223.0,86.64,Pass,2024-04-08 05:12:00.000000000,SMP_00258,UPLC,5.396,0.3357,0.1701,0.5058,94.942,2024-09-30,75.04719,77.201,1.43633,1.537,6.7499199999999995,0.049329582166968394,48.19106,28.779411764705884,407.05600000000004,0.005271935127472848
AmoxiTab,Plant_B,Line_3,2024-01-20,5.04,82.64,1.01,7.36,214.0,92.64,Pass,2024-01-20 05:02:24.000000000,SMP_00259,HPLC,5.007,0.2855,0.0992,0.3847,96.153,2024-05-08,72.08835,74.016,1.61387,1.717,6.82602,0.05791076032669708,41.43241,41.11442786069652,416.5056,0.003959733616048912
AmoxiTab,Plant_A,Line_3,2024-08-28,9.56,73.21,1.53,6.66,217.0,89.29,Pass,2024-08-28 09:33:36.000000000,SMP_00260,HPLC,5.277,0.2191,0.2004,0.4195,95.805,2024-10-17,73.67542999999999,75.943,1.4780000000000002,1.593,6.73766,0.03956537104411616,45.07089,28.936758893280626,699.8876,0.004333453850524249
MetforminXR,Plant_B,Line_1,2024-03-01,7.22,78.97,1.41,6.45,124.0,91.56,Pass,2024-03-01 07:13:12.000000000,SMP_00261,UPLC,5.38,0.0916,0.2685,0.3601,96.399,2024-11-15,72.73602,74.286,1.4848599999999998,1.65,6.842079999999999,0.053907830056626714,41.90971,32.767634854771785,570.1634,0.003697163215228082
AtorvaCap,Plant_A,Line_2,2024-06-26,5.53,77.8,1.08,5.99,240.0,89.53,Pass,2024-06-26 05:31:48.000000000,SMP_00262,HPLC,4.953,0.2716,0.0029,0.2745,97.255,2024-07-04,75.47861,77.44,1.4756399999999998,1.586,6.82652,0.05202747525892633,41.43005,37.40384615384615,430.234,0.0027937509541499164
AtorvaCap,Plant_A,Line_2,2024-12-03,9.57,86.26,1.22,6.3,211.0,87.01,Pass,2024-12-03 09:34:11.999999999,SMP_00263,UPLC,5.208,0.3076,0.1474,0.455,95.45,2024-02-28,74.13461000000001,76.671,1.55076,1.661,7.05856,0.047148662373776414,44.552550000000004,38.855855855855864,825.5082000000001,0.004717470191809228
MetforminXR,Plant_A,Line_2,2024-03-02,8.25,72.48,1.47,7.09,180.0,93.54,Pass,2024-03-02 08:15:00.000000000,SMP_00264,HPLC,5.184,0.1521,0.2162,0.3683,96.317,2024-01-01,77.52376,79.683,1.3388,1.447,6.8322,0.05535432241569768,35.45944,29.344129554655876,597.96,0.003784539186370316
MetforminXR,Plant_B,Line_2,2024-05-24,8.38,78.98,1.81,6.93,248.0,91.8,Pass,2024-05-24 08:22:48.000000000,SMP_00265,UPLC,5.071,0.2205,0.0053,0.2258,97.742,2024-05-10,72.6172,74.926,1.56802,1.728,6.65667,0.052312590948233095,34.7141,28.1067615658363,661.8524000000001,0.0022867675355978203
AtorvaCap,Plant_A,Line_1,2024-08-03,9.21,66.87,1.3,7.0,239.0,94.45,Pass,2024-08-03 09:12:36.000000000,SMP_00266,HPLC,5.218,0.3037,0.2869,0.5906,94.094,2024-03-07,73.66366,75.377,1.53381,1.649,6.80403,0.04913647352327023,54.16878,29.073913043478264,615.8727000000001,0.006210696784234547
AtorvaCap,Plant_A,Line_3,2024-01-03,6.04,72.52,1.86,6.06,210.0,95.18,Pass,2024-01-03 06:02:24.000000000,SMP_00267,HPLC,5.08,0.0929,0.2104,0.3033,96.967,2024-10-19,73.70285,75.389,1.41716,1.561,7.0087,0.04933015960307286,41.093230000000005,25.356643356643353,438.02079999999995,0.003095940469750018
MetforminXR,Plant_A,Line_2,2024-06-08,5.55,76.77,1.52,6.64,185.0,96.9,Pass,2024-06-08 05:33:00.000000000,SMP_00268,HPLC,5.475,0.1851,0.2667,0.4518,95.482,2024-10-11,76.23317,78.078,1.63397,1.779,6.79674,0.05315683294637541,34.51863,30.46428571428571,426.07349999999997,0.004682738749196741
AmoxiTab,Plant_A,Line_1,2024-08-14,10.37,81.97,1.89,7.35,225.0,92.53,Pass,2024-08-14 10:22:12.000000000,SMP_00269,UPLC,5.075,0.2877,0.1349,0.4226,95.774,2024-03-29,76.24283,78.291,1.51428,1.634,6.7462599999999995,0.052048854284443447,40.697109999999995,28.36332179930796,850.0288999999999,0.0043668754004174675
AmoxiTab,Plant_B,Line_2,2024-09-25,5.84,68.87,1.32,6.76,224.0,97.07,Pass,2024-09-25 05:50:24.000000000,SMP_00270,HPLC,5.358,0.3605,0.1445,0.505,94.95,2024-04-09,72.46629,74.31,1.6013,1.735,6.76053,0.05303257146663392,35.9182,29.685344827586206,402.2008,0.005263157894736842
MetforminXR,Plant_B,Line_2,2024-04-29,6.17,78.93,1.49,6.29,248.0,88.1,Pass,2024-04-29 06:10:12.000000000,SMP_00271,HPLC,4.869,0.4686,0.1671,0.6357,93.643,2024-07-07,73.64638,75.255,1.6998900000000001,1.818,6.63445,0.05077129846157907,42.65529000000001,31.698795180722893,486.9981,0.006716820050082944
AmoxiTab,Plant_A,Line_1,2024-03-29,6.47,74.68,1.61,6.76,207.0,95.64,Pass,2024-03-29 06:28:12.000000000,SMP_00272,UPLC,5.168,0.4459,0.3511,0.797,92.03,2024-12-11,77.28223,79.035,1.51745,1.668,6.83289,0.04321847131292686,35.401019999999995,28.61302681992337,483.17960000000005,0.008567128883155972
MetforminXR,Plant_B,Line_3,2024-11-24,11.12,67.39,1.45,6.49,256.0,93.84,Pass,2024-11-24 11:07:12.000000000,SMP_00273,UPLC,5.202,0.2644,0.2854,0.5498,94.502,2024-08-28,75.03124,77.217,1.47804,1.632,6.64518,0.04977086486991154,39.34801,27.50612244897959,749.3768,0.005756947498481707
AmoxiTab,Plant_A,Line_3,2024-03-08,8.74,75.91,1.79,6.93,204.0,92.93,Pass,2024-03-08 08:44:24.000000000,SMP_00274,HPLC,5.161,0.2016,0.1906,0.3922,96.078,2024-09-26,72.86877,74.856,1.66268,1.796,6.96059,0.04874818722348306,47.1603,27.207885304659495,663.4534,0.004040050268855971
AmoxiTab,Plant_A,Line_1,2024-12-22,9.45,83.55,0.84,6.81,180.0,93.78,Pass,2024-12-22 09:27:00.000000000,SMP_00275,HPLC,5.121,0.3423,0.2004,0.5427,94.573,2024-08-06,75.92520999999999,77.853,1.5498599999999998,1.657,6.749879999999999,0.049503041432937316,33.66567,45.40760869565218,789.5474999999999,0.005678381969803187
AtorvaCap,Plant_A,Line_3,2024-04-07,8.29,69.4,2.23,7.02,186.0,88.16,Pass,2024-04-07 08:17:23.999999999,SMP_00276,HPLC,5.066,0.1956,0.2308,0.4264,95.736,2024-06-24,78.62322,80.688,1.51548,1.623,6.66451,0.04978590425638824,48.74003,21.48606811145511,575.326,0.004407872973867019
AtorvaCap,Plant_B,Line_1,2024-09-23,7.1,74.45,1.76,6.31,218.0,87.21,Pass,2024-09-23 07:06:00.000000000,SMP_00277,HPLC,5.351,0.1738,0.3713,0.5451,94.549,2024-12-06,73.31566,75.968,1.27879,1.415,6.7917499999999995,0.040677687279689824,37.72299,26.97463768115942,528.595,0.005704926268197469
AmoxiTab,Plant_B,Line_1,2024-04-14,8.95,70.07,1.45,6.62,218.0,98.84,Pass,2024-04-14 08:57:00.000000000,SMP_00278,UPLC,5.4,0.2195,0.2106,0.4301,95.699,2024-08-20,75.66572000000001,77.713,1.43643,1.518,6.796620000000001,0.04682285119404197,35.73451,28.599999999999994,627.1264999999999,0.004447822624846172
AmoxiTab,Plant_B,Line_1,2024-11-18,5.67,72.66,1.33,7.24,230.0,91.33,Pass,2024-11-18 05:40:12.000000000,SMP_00279,HPLC,5.184,0.2069,0.1837,0.3906,96.094,2024-05-30,72.94243999999999,74.931,1.5112100000000002,1.705,6.8629,0.045941882478372185,46.91304,31.184549356223172,411.9822,0.0040229056378355
AtorvaCap,Plant_B,Line_3,2024-05-02,6.36,82.16,1.24,6.26,217.0,91.27,Pass,2024-05-02 06:21:36.000000000,SMP_00280,HPLC,4.981,0.2913,0.1529,0.4442,95.558,2024-10-03,76.15925,78.148,1.42977,1.569,6.90606,0.04124301471311569,44.69631999999999,36.67857142857142,522.5376,0.004600343834793595
AtorvaCap,Plant_B,Line_1,2024-01-29,9.1,73.64,1.69,6.4,249.0,87.59,Pass,2024-01-29 09:06:00.000000000,SMP_00281,UPLC,5.559,0.1898,0.1988,0.3886,96.114,2024-08-16,73.10594,75.133,1.5567900000000001,1.689,6.7800199999999995,0.05420983920532014,34.78202,27.375464684014872,670.124,0.004001482793418045
AtorvaCap,Plant_B,Line_2,2024-05-16,5.96,82.01,1.8,6.88,212.0,86.07,Pass,2024-05-16 05:57:36.000000000,SMP_00282,HPLC,5.024,0.2585,0.133,0.3915,96.085,2024-06-19,76.17743,77.772,1.4971,1.608,6.628049999999999,0.05834387350662941,43.02475999999999,29.289285714285718,488.7796,0.004032548797445538
MetforminXR,Plant_B,Line_3,2024-07-13,7.72,80.55,1.45,6.91,160.0,91.65,Pass,2024-07-13 07:43:12.000000000,SMP_00283,HPLC,4.908,0.4095,0.2197,0.6292,93.708,2024-08-10,79.48335,81.909,1.43561,1.553,6.7691300000000005,0.052826312505505096,37.90466,32.87755102040816,621.846,0.006643578156016387
AmoxiTab,Plant_B,Line_3,2024-08-13,7.78,73.19,1.83,6.6,216.0,90.63,Pass,2024-08-13 07:46:48.000000000,SMP_00284,HPLC,4.797,0.2622,0.0654,0.3276,96.724,2024-07-31,73.31366,75.336,1.6017599999999999,1.712,6.77503,0.04824609786911223,36.67487,25.862190812720847,569.4182,0.003352298309524784
AtorvaCap,Plant_B,Line_3,2024-11-27,7.21,72.49,1.23,6.69,160.0,92.01,Pass,2024-11-27 07:12:36.000000000,SMP_00285,UPLC,5.22,0.4017,0.1592,0.5609,94.391,2024-10-08,75.23148,77.243,1.57018,1.698,6.80637,0.05142998673297063,37.99575,32.506726457399104,522.6528999999999,0.005880009644515729
AmoxiTab,Plant_A,Line_3,2024-06-18,5.07,70.52,1.17,7.01,228.0,92.35,Pass,2024-06-18 05:04:12.000000000,SMP_00286,UPLC,5.157,0.3702,0.2388,0.609,93.91,2024-02-10,73.01432,75.064,1.66011,1.777,6.68068,0.05022975093296687,34.76421,32.49769585253456,357.5364,0.006416605204930988
MetforminXR,Plant_B,Line_2,2024-01-09,7.06,70.35,2.04,7.14,252.0,101.96,Pass,2024-01-09 07:03:36.000000000,SMP_00287,HPLC,5.406,0.3092,0.2095,0.5187,94.813,2024-05-01,74.29137,76.045,1.4416200000000001,1.574,6.74389,0.05311639496559823,43.03021,23.14144736842105,496.67099999999994,0.005413670378758624
MetforminXR,Plant_B,Line_3,2024-02-09,6.76,76.77,1.68,6.37,190.0,90.65,Pass,2024-02-09 06:45:36.000000000,SMP_00288,HPLC,5.322,0.2146,0.143,0.3576,96.424,2024-08-14,76.41265,78.412,1.5552099999999998,1.679,6.77086,0.04378437062595633,37.006750000000004,28.645522388059703,518.9652,0.003670553457053703
AtorvaCap,Plant_B,Line_3,2024-01-25,8.24,74.9,1.92,6.95,263.0,98.32,Pass,2024-01-25 08:14:24.000000000,SMP_00289,UPLC,5.258,0.3541,0.1614,0.5155,94.845,2024-10-20,70.56755,72.644,1.55406,1.685,6.76,0.05107669021019551,39.064609999999995,25.650684931506852,617.176,0.0053784756638322285
MetforminXR,Plant_B,Line_1,2024-09-17,8.17,71.88,1.24,7.4,245.0,98.57,Pass,2024-09-17 08:10:12.000000000,SMP_00290,HPLC,5.146,0.225,0.2628,0.4878,95.122,2024-03-28,74.05925,75.986,1.2848,1.385,7.00586,0.05324936951303136,47.81196,32.08928571428571,587.2596,0.0050748007740163545
AmoxiTab,Plant_B,Line_3,2024-08-13,8.57,67.26,1.22,6.75,256.0,95.01,Pass,2024-08-13 08:34:11.999999999,SMP_00291,HPLC,5.422,0.2498,0.0832,0.333,96.67,2024-09-23,73.85924,75.806,1.5442500000000001,1.654,6.85294,0.04455341136934928,43.89482,30.297297297297302,576.4182000000001,0.0034094399508549198
AtorvaCap,Plant_B,Line_2,2024-05-03,6.99,75.53,1.39,6.37,226.0,91.06,Pass,2024-05-03 06:59:24.000000000,SMP_00292,UPLC,5.573,0.283,0.0836,0.3666,96.334,2024-01-29,74.21602,76.418,1.53858,1.72,6.576029999999999,0.05142071566985432,40.94527,31.60251046025105,527.9547,0.00376641255881809
AmoxiTab,Plant_B,Line_2,2024-02-07,8.78,72.65,1.25,6.35,190.0,86.55,Pass,2024-02-07 08:46:48.000000000,SMP_00293,UPLC,5.402,0.2495,0.1056,0.3551,96.449,2024-09-03,72.90357,74.534,1.49726,1.644,6.4753,0.05787281422449244,33.10337,32.28888888888889,637.867,0.0036439573520508166
AmoxiTab,Plant_B,Line_2,2024-11-23,5.67,74.02,1.71,6.74,243.0,93.91,Pass,2024-11-23 05:40:12.000000000,SMP_00294,UPLC,5.107,0.178,0.1791,0.3571,96.429,2024-11-11,68.04849,70.207,1.4947,1.597,6.88345,0.04805644303495346,40.36478,27.313653136531364,419.6934,0.0036652331441357293
MetforminXR,Plant_B,Line_2,2024-09-07,5.27,76.52,1.27,7.21,201.0,96.08,Pass,2024-09-07 05:16:12.000000000,SMP_00295,HPLC,5.356,0.0973,0.0715,0.1688,98.312,2024-08-31,75.51165,77.336,1.6055099999999998,1.689,6.7775099999999995,0.052105854767099696,55.14916,33.709251101321584,403.26039999999995,0.0016996938939906558
MetforminXR,Plant_B,Line_3,2024-06-24,4.5,62.49,1.15,6.78,224.0,98.99,Pass,2024-06-24 04:30:00.000000000,SMP_00296,HPLC,5.12,0.3459,0.2562,0.6021,93.979,2024-03-01,73.20073000000001,75.066,1.62712,1.744,6.59549,0.048438129859052555,40.56734,29.06511627906977,281.205,0.0063392960549174026
MetforminXR,Plant_B,Line_3,2024-03-30,7.25,67.33,1.54,6.88,215.0,88.2,Pass,2024-03-30 07:15:00.000000000,SMP_00297,HPLC,4.979,0.307,0.1061,0.4131,95.869,2024-05-26,75.01189000000001,77.463,1.37826,1.51,6.679500000000001,0.04716797835203612,50.29785,26.50787401574803,488.1425,0.00426452218976143
MetforminXR,Plant_A,Line_2,2024-02-06,6.87,86.48,1.11,6.4,254.0,91.03,Pass,2024-02-06 06:52:12.000000000,SMP_00298,HPLC,5.02,0.0779,0.1979,0.2758,97.242,2024-06-22,76.08391999999999,78.384,1.6467599999999998,1.784,6.730549999999999,0.05015478566649975,46.240140000000004,40.985781990521325,594.1176,0.0028073532704953074
MetforminXR,Plant_A,Line_2,2024-11-11,9.18,72.47,0.96,7.19,242.0,88.22,Pass,2024-11-11 09:10:48.000000000,SMP_00299,UPLC,5.128,0.1753,0.1337,0.309,96.91,2024-10-04,76.42175,78.285,1.5122499999999999,1.631,6.64072,0.05217745168793187,39.48564,36.974489795918366,665.2746,0.0031559595546930856
AtorvaCap,Plant_B,Line_3,2024-06-24,7.03,62.41,1.54,6.34,218.0,89.47,Pass,2024-06-24 07:01:48.000000000,SMP_00300,HPLC,5.221,0.2679,0.1748,0.4427,95.573,2024-11-29,75.11739,77.544,1.54843,1.675,6.85135,0.0515088253691451,40.44354,24.57086614173228,438.7423,0.004584097004338687
AmoxiTab,Plant_B,Line_2,2024-10-10,8.41,67.75,0.98,6.6,161.0,94.66,Pass,2024-10-10 08:24:36.000000000,SMP_00301,HPLC,5.612,0.2943,0.0517,0.346,96.54,2024-05-21,76.34271,77.916,1.50512,1.6,6.8432,0.052622344219077875,33.551,34.217171717171716,569.7775,0.0035472626614722162
AmoxiTab,Plant_A,Line_1,2024-03-21,9.22,87.42,1.73,7.05,201.0,89.28,Pass,2024-03-21 09:13:12.000000000,SMP_00302,UPLC,5.024,0.0982,0.2601,0.3583,96.417,2024-02-13,74.53912,76.46,1.5676599999999998,1.684,6.80248,0.042351220272689345,36.73316,32.02197802197802,806.0124000000001,0.0036780028126507693
AmoxiTab,Plant_B,Line_2,2024-04-23,6.97,71.49,1.08,5.98,241.0,88.7,Pass,2024-04-23 06:58:12.000000000,SMP_00303,UPLC,5.465,0.2411,0.1031,0.3442,96.558,2024-05-23,76.06208000000001,78.012,1.5997700000000001,1.727,6.792859999999999,0.04680823116771794,35.41207,34.37019230769231,498.28529999999995,0.0035281576088070686
AmoxiTab,Plant_A,Line_2,2024-02-09,8.45,80.8,0.83,6.87,228.0,95.19,Pass,2024-02-09 08:27:00.000000000,SMP_00304,HPLC,5.137,0.304,0.0947,0.3987,96.013,2024-12-18,77.24319,79.354,1.45278,1.589,6.838869999999999,0.05583229849787246,35.30203,44.15300546448087,682.7599999999999,0.004109758485976106
MetforminXR,Plant_A,Line_1,2024-10-27,9.5,75.61,1.41,6.38,175.0,93.8,Pass,2024-10-27 09:30:00.000000000,SMP_00305,UPLC,4.797,0.2148,0.3703,0.5851,94.149,2024-11-28,74.86014,76.524,1.5529400000000002,1.677,6.80399,0.044209897653184504,48.57564,31.37344398340249,718.295,0.006149302672650264
AmoxiTab,Plant_A,Line_1,2024-08-11,6.14,72.58,1.54,6.81,166.0,93.4,Pass,2024-08-11 06:08:24.000000000,SMP_00306,UPLC,5.099,0.2756,0.2243,0.4999,95.001,2024-02-24,74.86520999999999,76.87,1.35194,1.481,6.837129999999999,0.04826686233846147,38.18757,28.574803149606296,445.64119999999997,0.00520723742461016
AtorvaCap,Plant_A,Line_3,2024-11-13,8.04,78.88,1.65,6.66,226.0,89.39,Pass,2024-11-13 08:02:24.000000000,SMP_00307,HPLC,5.435,0.2012,0.257,0.4582,95.418,2024-11-02,77.62707999999999,79.598,1.4866,1.643,6.72183,0.04709287084950859,45.87753,29.766037735849057,634.1951999999999,0.0047522246883362025
AtorvaCap,Plant_A,Line_3,2024-12-14,6.98,63.08,1.55,7.64,188.0,97.17,Pass,2024-12-14 06:58:48.000000000,SMP_00308,HPLC,5.269,0.3409,0.2167,0.5576,94.424,2024-12-23,74.65179,77.121,1.46341,1.619,6.94076,0.048469113355775,37.58132,24.737254901960785,440.2984,0.005843393695506371
AmoxiTab,Plant_B,Line_1,2024-04-24,6.24,67.79,1.18,6.64,191.0,92.06,Pass,2024-04-24 06:14:24.000000000,SMP_00309,HPLC,5.281,0.1701,0.1438,0.3139,96.861,2024-06-09,76.35211,78.991,1.59407,1.697,6.72658,0.04725520226825975,43.66708,31.096330275229366,423.00960000000003,0.0032076107949029747
AmoxiTab,Plant_A,Line_1,2024-07-04,5.7,72.54,1.71,7.54,240.0,101.52,Pass,2024-07-04 05:42:00.000000000,SMP_00310,HPLC,5.466,0.1358,0.0755,0.2113,97.887,2024-10-11,77.00201,78.941,1.57132,1.717,6.94615,0.05231883122748553,42.13178,26.767527675276757,413.47800000000007,0.002136782387978197
AtorvaCap,Plant_B,Line_3,2024-11-18,6.21,68.29,1.79,7.03,256.0,92.64,Pass,2024-11-18 06:12:36.000000000,SMP_00311,UPLC,4.993,0.2529,0.1561,0.409,95.91,2024-11-20,78.71430000000001,81.072,1.3814,1.538,7.063289999999999,0.048814903958574296,47.107020000000006,24.476702508960575,424.08090000000004,0.004220410690331235
AtorvaCap,Plant_B,Line_2,2024-02-25,8.09,72.1,1.14,6.48,197.0,82.67,Fail,2024-02-25 08:05:24.000000000,SMP_00312,UPLC,4.99,0.1066,0.1017,0.2083,97.917,2024-07-16,76.18012,78.11,1.43436,1.565,6.75601,0.04434950604988381,35.33542,33.69158878504673,583.289,0.002105805877655004
MetforminXR,Plant_A,Line_1,2024-02-09,5.58,79.27,1.45,6.93,219.0,82.49,Fail,2024-02-09 05:34:47.999999999,SMP_00313,HPLC,4.747,0.0395,0.1066,0.1461,98.539,2024-06-07,74.30506,75.61,1.4618600000000002,1.584,6.85364,0.04938623699008063,51.381,32.35510204081632,442.3266,0.0014677664031183758
AtorvaCap,Plant_A,Line_3,2024-12-19,7.17,75.66,1.42,6.68,218.0,94.5,Pass,2024-12-19 07:10:12.000000000,SMP_00314,HPLC,5.375,0.3584,0.0533,0.4117,95.883,2024-03-20,74.58499,76.54,1.39799,1.527,6.85101,0.05145135880841553,42.343689999999995,31.264462809917354,542.4821999999999,0.0042494555288337486
MetforminXR,Plant_B,Line_2,2024-02-09,9.22,81.65,1.57,6.9,215.0,97.2,Pass,2024-02-09 09:13:12.000000000,SMP_00315,UPLC,5.312,0.1516,0.1892,0.3408,96.592,2024-01-31,75.82995,77.644,1.3950900000000002,1.526,6.73905,0.04513691293266413,42.493649999999995,31.7704280155642,752.8130000000001,0.00349208951553406
MetforminXR,Plant_A,Line_1,2024-12-12,8.67,75.98,1.44,6.51,221.0,88.86,Pass,2024-12-12 08:40:12.000000000,SMP_00316,HPLC,5.345,0.1166,0.3059,0.4225,95.775,2024-04-21,77.17206,78.972,1.68719,1.778,6.824529999999999,0.05329704352480395,33.25634,31.139344262295083,658.7466000000001,0.004365796951692069
MetforminXR,Plant_A,Line_2,2024-08-24,7.2,79.96,1.48,7.48,243.0,100.4,Pass,2024-08-24 07:12:00.000000000,SMP_00317,HPLC,4.963,0.1688,0.2247,0.3935,96.065,2024-02-15,77.19747000000001,79.312,1.5788900000000001,1.72,6.84223,0.05140664874657301,42.59109,32.24193548387097,575.712,0.004053984443414207
MetforminXR,Plant_B,Line_3,2024-10-15,10.53,74.68,1.69,7.17,200.0,98.65,Pass,2024-10-15 10:31:48.000000000,SMP_00318,HPLC,4.879,0.1643,0.1715,0.3358,96.642,2024-12-18,75.43037,77.611,1.4740199999999999,1.59,6.626079999999999,0.0434654582468201,43.41262,27.76208178438662,786.3804,0.003439093832572049
MetforminXR,Plant_B,Line_1,2024-09-18,10.84,72.05,1.17,6.81,174.0,92.84,Pass,2024-09-18 10:50:24.000000000,SMP_00319,HPLC,4.936,0.2358,0.1768,0.4126,95.874,2024-07-23,72.35588,74.916,1.63129,1.715,6.94992,0.05548239870135899,50.0032,33.20276497695853,781.0219999999999,0.004259140739517312
AmoxiTab,Plant_A,Line_2,2024-08-03,8.04,82.4,1.72,7.49,271.0,94.16,Pass,2024-08-03 08:02:24.000000000,SMP_00320,UPLC,5.015,0.1407,0.0638,0.2045,97.955,2024-02-21,77.56334,79.088,1.32382,1.42,6.69134,0.050113451086489604,36.75468,30.29411764705883,662.496,0.0020665959274417662
AtorvaCap,Plant_B,Line_1,2024-05-26,4.3,71.45,1.84,6.83,253.0,95.58,Pass,2024-05-26 04:18:00.000000000,SMP_00321,HPLC,5.511,0.2998,0.1461,0.4459,95.541,2024-05-17,76.77416,78.443,1.40146,1.514,6.630170000000001,0.053514853031186554,36.95892,25.158450704225356,307.235,0.0046187630126060435
MetforminXR,Plant_A,Line_2,2024-12-01,9.33,76.72,1.99,7.24,187.0,99.56,Pass,2024-12-01 09:19:48.000000000,SMP_00322,UPLC,5.4,0.3146,0.0659,0.3805,96.195,2024-03-14,74.89969,76.68,1.4179300000000001,1.549,6.7839599999999995,0.04892334139583421,34.54101,25.65886287625418,715.7976,0.003914810432635424
AtorvaCap,Plant_A,Line_3,2024-06-16,4.56,78.84,0.86,6.82,224.0,94.73,Pass,2024-06-16 04:33:36.000000000,SMP_00323,HPLC,5.108,0.1225,0.1908,0.3133,96.867,2024-02-10,73.82046,75.851,1.45626,1.59,6.78875,0.047565876700241955,38.64985,42.38709677419355,359.5104,0.003201283374375428
AtorvaCap,Plant_A,Line_3,2024-04-01,10.21,79.21,1.45,6.96,250.0,92.75,Pass,2024-04-01 10:12:36.000000000,SMP_00324,HPLC,5.26,0.1882,0.1592,0.3474,96.526,2024-03-17,77.16067,78.996,1.57629,1.696,6.56135,0.04949653084466179,35.43109,32.33061224489796,808.7341,0.00356212702253758
MetforminXR,Plant_B,Line_1,2024-12-18,9.63,69.17,0.91,6.77,242.0,94.69,Pass,2024-12-18 09:37:48.000000000,SMP_00325,UPLC,5.064,0.1977,0.1105,0.3082,96.918,2024-07-05,74.35962,76.546,1.63484,1.764,6.75274,0.04829175222885721,39.72651,36.21465968586387,666.1071000000001,0.00314753160808023
AmoxiTab,Plant_B,Line_2,2024-02-28,10.66,80.26,0.77,6.84,234.0,94.15,Pass,2024-02-28 10:39:36.000000000,SMP_00326,HPLC,5.273,0.2335,0.189,0.4225,95.775,2024-02-21,73.63189,76.086,1.56564,1.69,6.83183,0.055677653606371585,40.27023,45.344632768361585,855.5716000000001,0.004365796951692069
MetforminXR,Plant_B,Line_1,2024-02-28,8.39,70.11,1.54,6.87,215.0,95.7,Pass,2024-02-28 08:23:24.000000000,SMP_00327,UPLC,4.972,0.3583,0.1883,0.5466,94.534,2024-03-27,75.66542,77.246,1.4757,1.597,6.86662,0.0490264369004267,39.00672,27.602362204724407,588.2229,0.005721523227332677
AmoxiTab,Plant_B,Line_1,2024-10-30,7.46,79.05,1.38,6.53,272.0,85.72,Pass,2024-10-30 07:27:36.000000000,SMP_00328,HPLC,5.35,0.364,0.3015,0.6655,93.345,2024-04-18,73.87132,75.885,1.53474,1.693,6.690360000000001,0.05449984153438182,46.70268,33.214285714285715,589.713,0.007053897927818114
AtorvaCap,Plant_B,Line_2,2024-06-17,7.32,77.68,1.59,6.64,227.0,93.26,Pass,2024-06-17 07:19:12.000000000,SMP_00329,HPLC,5.03,0.4999,0.2349,0.7348,92.652,2024-08-12,73.87795,75.581,1.5048,1.619,6.8483,0.045170049073842214,45.30604,29.992277992277998,568.6176,0.007846068423525391
AmoxiTab,Plant_A,Line_2,2024-09-25,7.18,79.09,1.65,6.71,205.0,93.84,Pass,2024-09-25 07:10:48.000000000,SMP_00330,HPLC,5.361,0.0231,0.1974,0.2205,97.795,2024-09-04,75.32249,77.58,1.38745,1.522,6.8887,0.05136313578016558,38.99134,29.845283018867928,567.8662,0.0022318943266359634
AmoxiTab,Plant_A,Line_2,2024-12-28,9.47,68.97,1.87,6.89,246.0,91.71,Pass,2024-12-28 09:28:12.000000000,SMP_00331,HPLC,5.115,0.1576,0.1042,0.2618,97.382,2024-03-09,73.26772,74.938,1.55506,1.689,6.94621,0.04874532767042368,35.22811,24.031358885017422,653.1459,0.00266105588420646
AmoxiTab,Plant_A,Line_3,2024-02-14,9.07,77.94,1.52,6.79,223.0,95.14,Pass,2024-02-14 09:04:12.000000000,SMP_00332,HPLC,5.042,0.4314,0.0941,0.5255,94.745,2024-04-29,76.43549,78.416,1.6436000000000002,1.763,6.93548,0.051046914448842864,40.05207,30.928571428571427,706.9158,0.0054885372604313535
AtorvaCap,Plant_A,Line_1,2024-12-10,8.18,80.43,2.38,7.27,230.0,99.68,Pass,2024-12-10 08:10:48.000000000,SMP_00333,UPLC,5.523,0.0699,0.2279,0.2978,97.022,2024-03-07,68.47829,70.285,1.55518,1.688,6.92403,0.059138333805176906,37.09269,23.795857988165682,657.9174,0.003038093489216706
AtorvaCap,Plant_B,Line_1,2024-06-29,6.92,75.97,1.59,7.14,226.0,92.55,Pass,2024-06-29 06:55:12.000000000,SMP_00334,UPLC,5.235,0.4291,0.164,0.5931,94.069,2024-03-01,74.34145000000001,76.374,1.4482400000000002,1.587,6.76513,0.04962112107324523,47.80853,29.332046332046332,525.7124,0.00623862668167331
AmoxiTab,Plant_A,Line_3,2024-06-18,11.94,70.91,2.05,6.72,235.0,94.77,Pass,2024-06-18 11:56:24.000000000,SMP_00335,HPLC,5.136,0.2647,0.1999,0.4646,95.354,2024-11-22,73.13246,74.588,1.5182,1.648,6.879059999999999,0.05552610087866675,38.88561,23.249180327868853,846.6654,0.004821802935010482
AmoxiTab,Plant_B,Line_2,2024-12-21,9.37,79.6,0.8,7.35,191.0,98.43,Pass,2024-12-21 09:22:12.000000000,SMP_00336,HPLC,5.352,0.2684,0.2582,0.5266,94.734,2024-07-09,76.70794,78.487,1.55362,1.693,6.90752,0.04850189624534205,40.89125,44.22222222222222,745.8519999999999,0.005500658073411745
MetforminXR,Plant_A,Line_3,2024-07-09,5.6,75.57,1.9,7.55,176.0,92.65,Pass,2024-07-09 05:36:00.000000000,SMP_00337,UPLC,4.932,0.122,0.0589,0.1809,98.191,2024-07-07,76.09404,78.107,1.5356800000000002,1.672,6.88016,0.047742939612347816,33.189789999999995,26.05862068965517,423.19199999999995,0.001823754171245375
AmoxiTab,Plant_B,Line_3,2024-06-03,7.23,66.63,1.45,5.98,263.0,88.45,Pass,2024-06-03 07:13:48.000000000,SMP_00338,UPLC,5.421,0.2049,0.2918,0.4967,95.033,2024-05-30,76.30176,78.386,1.50721,1.638,6.78878,0.050300225916716644,46.82988,27.195918367346934,481.7349,0.005172180396322098
MetforminXR,Plant_B,Line_3,2024-07-06,9.4,70.52,0.92,7.17,227.0,94.46,Pass,2024-07-06 09:24:00.000000000,SMP_00339,HPLC,5.172,0.4247,0.2576,0.6823,93.177,2024-10-12,75.59546,77.916,1.35864,1.524,6.7841700000000005,0.04206777960396863,35.97582,36.729166666666664,662.888,0.007244868704673115
AmoxiTab,Plant_A,Line_1,2024-01-07,6.8,72.37,1.63,6.52,243.0,83.19,Fail,2024-01-07 06:48:00.000000000,SMP_00340,HPLC,5.32,0.2452,0.0156,0.2608,97.392,2024-04-05,76.6267,79.219,1.5254599999999998,1.661,6.90298,0.0466255186555495,40.299679999999995,27.517110266159698,492.11600000000004,0.002650622001788763
MetforminXR,Plant_A,Line_3,2024-05-12,8.53,82.53,1.41,7.12,167.0,82.81,Fail,2024-05-12 08:31:48.000000000,SMP_00341,UPLC,4.89,0.2056,0.3682,0.5738,94.262,2024-11-07,74.41548,76.343,1.53733,1.677,6.80256,0.046806785314900144,43.7539,34.244813278008294,703.9808999999999,0.006023388129579475
AtorvaCap,Plant_A,Line_1,2024-08-22,9.43,81.65,1.67,7.3,252.0,93.33,Pass,2024-08-22 09:25:48.000000000,SMP_00342,HPLC,5.124,0.2906,0.2057,0.4963,95.037,2024-11-04,73.44685,75.759,1.6008799999999999,1.725,6.7998199999999995,0.051506473065788386,40.33539,30.58052434456929,769.9595,0.00516779991045118
AmoxiTab,Plant_A,Line_1,2024-02-14,2.92,81.63,1.8,6.45,204.0,82.62,Fail,2024-02-14 02:55:12.000000000,SMP_00343,UPLC,5.201,0.2308,0.1417,0.3725,96.275,2024-09-19,77.8606,79.707,1.62025,1.722,6.887910000000001,0.05024889465591685,36.58319,29.15357142857143,238.35959999999997,0.00382934978154716
AmoxiTab,Plant_B,Line_1,2024-11-09,7.84,76.16,1.05,6.06,196.0,86.74,Pass,2024-11-09 07:50:24.000000000,SMP_00344,HPLC,5.406,0.2845,0.2215,0.506,94.94,2024-04-06,74.23598,75.904,1.57571,1.689,6.72421,0.04871319797103911,42.3956,37.15121951219513,597.0944,0.005274129664373567
AmoxiTab,Plant_A,Line_2,2024-09-05,7.9,79.57,1.8,7.13,218.0,90.48,Pass,2024-09-05 07:54:00.000000000,SMP_00345,UPLC,5.336,0.165,0.1018,0.2668,97.332,2024-04-22,76.0583,78.147,1.3798,1.488,6.82378,0.051037831086559786,37.32483,28.41785714285714,628.603,0.0027132571289102225
AmoxiTab,Plant_A,Line_1,2024-01-31,7.38,69.3,1.5,6.85,191.0,89.11,Pass,2024-01-31 07:22:48.000000000,SMP_00346,UPLC,5.122,0.2423,0.2237,0.466,95.34,2024-05-04,77.10803,78.561,1.4405000000000001,1.528,6.81913,0.045876350061327856,36.727489999999996,27.72,511.43399999999997,0.004837035499273406
MetforminXR,Plant_B,Line_1,2024-01-23,8.45,75.03,1.91,6.13,220.0,91.41,Pass,2024-01-23 08:27:00.000000000,SMP_00347,HPLC,5.264,0.1859,0.1165,0.3024,96.976,2024-05-11,72.10520000000001,74.095,1.44934,1.605,6.795979999999999,0.05279424134497929,43.16325,25.783505154639176,634.0034999999999,0.003086470155956561
AmoxiTab,Plant_A,Line_2,2024-06-08,8.99,77.26,1.44,7.81,216.0,96.45,Pass,2024-06-08 08:59:24.000000000,SMP_00348,UPLC,5.451,0.0696,0.3416,0.4112,95.888,2024-04-30,76.16366,77.95,1.4465999999999999,1.574,6.93299,0.04459752563684772,38.82074,31.66393442622951,694.5674,0.00424407563372141
AtorvaCap,Plant_A,Line_1,2024-12-28,8.21,69.63,1.36,7.05,252.0,92.95,Pass,2024-12-28 08:12:36.000000000,SMP_00349,HPLC,5.16,0.2982,0.1848,0.483,95.17,2024-07-15,73.80306999999999,75.601,1.71864,1.859,6.84322,0.054482427896478204,52.02884,29.504237288135588,571.6623000000001,0.005022356244150983
AtorvaCap,Plant_A,Line_3,2024-06-06,7.44,76.05,1.51,7.07,265.0,88.64,Pass,2024-06-06 07:26:24.000000000,SMP_00350,HPLC,5.138,0.1266,0.232,0.3586,96.414,2024-10-20,73.15045,75.314,1.42197,1.556,6.75775,0.047102376143713105,40.25398,30.298804780876495,565.812,0.00368119572135422
AmoxiTab,Plant_A,Line_3,2024-02-08,8.95,83.43,1.53,7.35,264.0,97.42,Pass,2024-02-08 08:57:00.000000000,SMP_00351,HPLC,4.822,0.2335,0.1171,0.3506,96.494,2024-05-01,73.37125,75.638,1.5879699999999999,1.732,7.02784,0.05158355387430216,44.29627000000001,32.976284584980235,746.6985,0.0035961187355119293
AtorvaCap,Plant_A,Line_1,2024-03-22,8.07,77.79,1.3,6.57,152.0,86.28,Pass,2024-03-22 08:04:12.000000000,SMP_00352,HPLC,5.144,0.3426,0.2453,0.5879,94.121,2024-10-08,74.02323,76.456,1.47976,1.655,6.67059,0.04520907547219394,39.703829999999996,33.821739130434786,627.7653,0.00618054898497703
AmoxiTab,Plant_B,Line_2,2024-12-21,7.65,79.59,1.35,6.85,192.0,92.89,Pass,2024-12-21 07:39:00.000000000,SMP_00353,UPLC,4.852,0.1002,0.179,0.2792,97.208,2024-09-16,74.63553,76.485,1.42249,1.531,6.62641,0.04535963920366731,33.71538,33.86808510638298,608.8635,0.002842945584881069
AmoxiTab,Plant_A,Line_3,2024-09-14,6.03,62.74,1.13,6.27,152.0,85.84,Pass,2024-09-14 06:01:48.000000000,SMP_00354,HPLC,5.177,0.3105,0.0671,0.3776,96.224,2024-02-08,75.17845,76.919,1.33511,1.444,6.76737,0.044932869119083944,40.45709,29.455399061032868,378.3222,0.003883814695959845
AtorvaCap,Plant_A,Line_2,2024-07-24,5.66,82.79,1.37,6.56,184.0,93.01,Pass,2024-07-24 05:39:36.000000000,SMP_00355,HPLC,5.398,0.22,0.1609,0.3809,96.191,2024-02-23,74.21283,76.117,1.61297,1.719,6.76832,0.04815439814395,39.96995,34.9324894514768,468.5914,0.003919087158275972
AmoxiTab,Plant_A,Line_2,2024-03-17,6.0,74.07,1.7,6.95,201.0,90.73,Pass,2024-03-17 06:00:00.000000000,SMP_00356,HPLC,4.776,0.1533,0.3345,0.4878,95.122,2024-06-09,77.64993,79.329,1.62095,1.757,6.779349999999999,0.04819622664302943,39.264140000000005,27.43333333333333,444.41999999999996,0.0050748007740163545
AtorvaCap,Plant_A,Line_3,2024-01-12,8.42,71.16,1.46,6.13,232.0,96.33,Pass,2024-01-12 08:25:12.000000000,SMP_00357,HPLC,5.447,0.4523,0.2487,0.701,92.99,2024-10-15,74.06282,76.203,1.58952,1.72,6.71693,0.04824982440958267,43.195190000000004,28.926829268292682,599.1672,0.007458240238323225
MetforminXR,Plant_A,Line_2,2024-10-21,7.88,74.13,1.8,6.55,204.0,94.88,Pass,2024-10-21 07:52:48.000000000,SMP_00358,UPLC,5.134,0.2499,0.1497,0.3996,96.004,2024-07-18,73.02976,74.869,1.4968700000000001,1.625,6.75239,0.04968728370132685,34.98281,26.475,584.1443999999999,0.004119417755968826
AmoxiTab,Plant_B,Line_3,2024-08-11,5.78,67.57,1.44,6.43,205.0,89.65,Pass,2024-08-11 05:46:48.000000000,SMP_00359,HPLC,5.195,0.1932,0.0305,0.2237,97.763,2024-10-02,73.02143,74.877,1.36571,1.499,7.058529999999999,0.052806575768974545,36.65846,27.69262295081967,390.5546,0.0022650182760750484
MetforminXR,Plant_A,Line_2,2024-01-13,8.97,80.24,1.07,6.86,225.0,88.88,Pass,2024-01-13 08:58:12.000000000,SMP_00360,UPLC,5.1,0.172,0.1134,0.2854,97.146,2024-01-16,75.00353,77.02,1.3681,1.499,6.81588,0.05533867809163222,45.75732,38.763285024154584,719.7528,0.002907912701485542
AtorvaCap,Plant_B,Line_3,2024-02-15,10.06,73.32,1.68,7.03,169.0,90.74,Pass,2024-02-15 10:03:36.000000000,SMP_00361,UPLC,4.857,0.3381,0.0675,0.4056,95.944,2024-06-21,74.28703999999999,76.313,1.71766,1.826,6.77492,0.0481642140510102,31.114369999999997,27.35820895522388,737.5992,0.004183858722561479
MetforminXR,Plant_B,Line_1,2024-06-03,7.1,71.31,1.3,7.1,195.0,99.5,Pass,2024-06-03 07:06:00.000000000,SMP_00362,UPLC,5.043,0.1888,0.0324,0.2212,97.788,2024-09-04,73.09255,74.46,1.42197,1.596,6.676710000000001,0.04910580105211301,37.32361,31.00434782608696,506.301,0.0022391383568854516
MetforminXR,Plant_A,Line_3,2024-04-22,5.39,74.16,1.43,7.2,205.0,98.48,Pass,2024-04-22 05:23:24.000000000,SMP_00363,HPLC,5.619,0.3257,0.2428,0.5685,94.315,2024-08-05,76.33216,78.204,1.6627,1.765,6.73908,0.05176182439449433,39.50677,30.51851851851852,399.72239999999994,0.005964433719771285
AtorvaCap,Plant_A,Line_3,2024-08-20,6.94,80.59,1.87,7.35,214.0,88.13,Pass,2024-08-20 06:56:24.000000000,SMP_00364,HPLC,4.981,0.2498,0.185,0.4348,95.652,2024-03-27,73.34823999999999,75.27,1.4443000000000001,1.586,6.708880000000001,0.05132433608676748,47.27022,28.0801393728223,559.2946000000001,0.004498613582750486
MetforminXR,Plant_A,Line_3,2024-01-17,9.28,75.66,1.15,7.04,222.0,95.2,Pass,2024-01-17 09:16:48.000000000,SMP_00365,HPLC,4.882,0.3616,0.3236,0.6852,93.148,2024-03-22,77.88599,79.829,1.49962,1.627,6.8407100000000005,0.0482548568759789,38.3677,35.1906976744186,702.1247999999999,0.007277902876322386
MetforminXR,Plant_A,Line_3,2024-12-25,8.82,67.95,1.55,7.55,265.0,85.07,Pass,2024-12-25 08:49:12.000000000,SMP_00366,HPLC,5.228,0.1457,0.1002,0.2459,97.541,2024-03-02,75.28922,77.357,1.3324600000000002,1.438,6.9382399999999995,0.04965153725228608,46.899899999999995,26.647058823529413,599.3190000000001,0.0024954080027602727
AtorvaCap,Plant_B,Line_2,2024-08-10,6.62,77.32,1.49,6.85,247.0,90.21,Pass,2024-08-10 06:37:12.000000000,SMP_00367,UPLC,5.183,0.1597,0.1798,0.3395,96.605,2024-10-13,72.93161,74.945,1.57368,1.671,6.7035599999999995,0.05513185663626437,35.884029999999996,31.05220883534136,511.85839999999996,0.003478305414681625
MetforminXR,Plant_A,Line_1,2024-12-19,10.28,70.36,1.71,6.73,197.0,88.29,Pass,2024-12-19 10:16:48.000000000,SMP_00368,UPLC,5.135,0.2219,0.0685,0.2904,97.096,2024-02-11,75.68389,77.331,1.31771,1.425,6.9951099999999995,0.045268647031255604,42.884989999999995,25.96309963099631,723.3008,0.002960365356385581
AtorvaCap,Plant_A,Line_3,2024-07-06,10.02,64.22,1.76,7.04,212.0,96.28,Pass,2024-07-06 10:01:12.000000000,SMP_00369,HPLC,5.203,0.2302,0.1324,0.3626,96.374,2024-01-12,77.43899,78.888,1.59814,1.712,6.954980000000001,0.04935093461602061,41.560320000000004,23.268115942028988,643.4843999999999,0.003723786637089983
MetforminXR,Plant_A,Line_2,2024-12-09,6.9,82.48,1.58,6.71,210.0,86.84,Pass,2024-12-09 06:54:00.000000000,SMP_00370,HPLC,5.329,0.2145,0.1622,0.3767,96.233,2024-11-16,74.13778,76.145,1.45655,1.595,6.90375,0.04869060743639641,32.39874,31.968992248062015,569.1120000000001,0.0038741990887867284
AtorvaCap,Plant_A,Line_1,2024-12-30,6.89,77.29,1.39,7.54,205.0,93.72,Pass,2024-12-30 06:53:24.000000000,SMP_00371,HPLC,5.083,0.5131,0.15,0.6631,93.369,2024-08-21,75.45248,77.216,1.35445,1.46,6.705170000000001,0.05354183769575294,37.48868,32.33891213389122,532.5281,0.007026671894372093
AtorvaCap,Plant_A,Line_1,2024-06-11,7.11,74.61,1.64,7.25,228.0,92.0,Pass,2024-06-11 07:06:36.000000000,SMP_00372,HPLC,5.239,0.4563,0.1843,0.6406,93.594,2024-11-24,73.88107,76.153,1.38781,1.51,6.89805,0.051008491073704074,37.88707,28.26136363636364,530.4771000000001,0.006772099710341036
MetforminXR,Plant_A,Line_1,2024-11-21,7.24,73.27,1.9,7.1,164.0,91.3,Pass,2024-11-21 07:14:24.000000000,SMP_00373,HPLC,5.405,0.2799,0.2577,0.5376,94.624,2024-05-10,74.32991,75.992,1.63652,1.805,6.78101,0.05141011475371267,42.107870000000005,25.26551724137931,530.4748,0.0056220195766753115
MetforminXR,Plant_B,Line_1,2024-03-14,9.43,81.99,1.49,6.85,246.0,98.69,Pass,2024-03-14 09:25:48.000000000,SMP_00374,HPLC,5.001,0.2917,0.2493,0.541,94.59,2024-04-24,73.02934,74.894,1.4088999999999998,1.542,6.78244,0.04306286689307274,47.655879999999996,32.92771084337349,773.1656999999999,0.005659587822994037
MetforminXR,Plant_B,Line_3,2024-08-20,8.64,90.44,1.42,6.64,271.0,99.04,Pass,2024-08-20 08:38:24.000000000,SMP_00375,HPLC,4.736,0.2264,0.1185,0.3449,96.551,2024-08-05,73.18018000000001,75.004,1.4435,1.535,6.85103,0.05076932482744215,40.68437,37.37190082644628,781.4016,0.003535586513721028
AmoxiTab,Plant_A,Line_3,2024-08-11,9.32,77.24,1.62,7.08,212.0,91.42,Pass,2024-08-11 09:19:12.000000000,SMP_00376,UPLC,5.334,0.145,0.1776,0.3226,96.774,2024-05-16,74.38417,76.055,1.5700800000000001,1.695,6.866409999999999,0.05283786807802045,44.716989999999996,29.48091603053435,719.8768,0.0032994456604005153
AmoxiTab,Plant_A,Line_2,2024-11-14,9.01,69.85,1.51,6.35,211.0,90.62,Pass,2024-11-14 09:00:36.000000000,SMP_00377,UPLC,5.701,0.2318,0.2435,0.4753,95.247,2024-04-15,77.08089,78.928,1.49779,1.663,6.7332,0.0476292499893233,45.38614,27.828685258964143,629.3485,0.004938335740334763
AmoxiTab,Plant_A,Line_2,2024-02-29,10.57,74.23,1.1,7.41,225.0,85.97,Pass,2024-02-29 10:34:11.999999999,SMP_00378,UPLC,5.199,0.3271,0.2629,0.59,94.1,2024-06-27,74.50845,76.682,1.73088,1.85,6.70944,0.051806617883873245,40.69442,35.34761904761905,784.6111000000001,0.006203995793901157
AtorvaCap,Plant_B,Line_2,2024-11-30,6.41,77.15,1.57,6.73,251.0,91.98,Pass,2024-11-30 06:24:36.000000000,SMP_00379,UPLC,5.24,0.3806,0.1271,0.5077,94.923,2024-01-16,72.94238,74.718,1.52912,1.675,6.771850000000001,0.04826847790842343,42.796899999999994,30.019455252918288,494.53150000000005,0.005292786922844365
MetforminXR,Plant_A,Line_1,2024-08-09,8.57,63.25,1.1,6.92,210.0,99.81,Pass,2024-08-09 08:34:11.999999999,SMP_00380,HPLC,5.141,0.3496,0.2367,0.5863,94.137,2024-08-29,78.48113000000001,80.906,1.31878,1.448,6.849360000000001,0.05254618363060642,44.02552,30.119047619047617,542.0525,0.006162691697236617
AtorvaCap,Plant_B,Line_1,2024-02-06,4.74,76.67,1.61,6.44,248.0,91.49,Pass,2024-02-06 04:44:24.000000000,SMP_00381,HPLC,5.518,0.099,0.2065,0.3055,96.945,2024-11-29,71.09094,72.822,1.4790299999999998,1.603,6.69864,0.057407900769032495,33.17128,29.375478927203062,363.41580000000005,0.0031190974526519987
AmoxiTab,Plant_A,Line_3,2024-10-04,6.02,77.18,1.26,7.09,235.0,94.92,Pass,2024-10-04 06:01:12.000000000,SMP_00382,HPLC,5.184,0.2211,0.0947,0.3158,96.842,2024-08-13,71.30868000000001,73.167,1.7431800000000002,1.884,6.6106,0.0455870795092406,41.71332,34.15044247787611,464.6236,0.003227652746264386
MetforminXR,Plant_A,Line_1,2024-07-14,7.89,81.63,1.51,6.62,291.0,86.41,Pass,2024-07-14 07:53:24.000000000,SMP_00383,HPLC,5.163,0.1031,0.244,0.3471,96.529,2024-08-29,72.79669,74.975,1.4169,1.518,6.718780000000001,0.054651250597943395,32.047779999999996,32.52191235059761,644.0606999999999,0.0035589414430579626
AtorvaCap,Plant_A,Line_1,2024-12-17,8.63,81.11,1.62,7.06,210.0,90.26,Pass,2024-12-17 08:37:48.000000000,SMP_00384,HPLC,5.382,0.3669,0.1921,0.559,94.41,2024-05-20,74.92901,77.057,1.4497499999999999,1.572,6.847849999999999,0.049280146390639074,34.64815,30.958015267175572,699.9793000000001,0.005858924641022954
MetforminXR,Plant_A,Line_1,2024-08-29,7.85,75.56,2.24,7.1,161.0,93.85,Pass,2024-08-29 07:51:00.000000000,SMP_00385,UPLC,5.103,0.2088,0.0407,0.2495,97.505,2024-07-17,73.67477,75.94,1.61925,1.765,6.971699999999999,0.04933302620707027,43.423230000000004,23.320987654320987,593.146,0.0025328663519618294
AtorvaCap,Plant_B,Line_2,2024-11-19,7.15,82.57,1.72,6.54,177.0,92.42,Pass,2024-11-19 07:09:00.000000000,SMP_00386,HPLC,4.943,0.2453,0.1565,0.4018,95.982,2024-04-21,77.65988999999999,80.028,1.73364,1.91,6.637580000000001,0.0516877141879944,44.24795,30.356617647058822,590.3755,0.004143036852199377
MetforminXR,Plant_B,Line_2,2024-08-06,7.42,85.18,1.91,6.35,220.0,95.3,Pass,2024-08-06 07:25:12.000000000,SMP_00387,UPLC,5.376,0.298,0.1832,0.4812,95.188,2024-05-06,73.51159,75.435,1.51675,1.655,6.84309,0.046264303275589815,43.45343,29.271477663230243,632.0356,0.005002703039880234
AmoxiTab,Plant_A,Line_3,2024-07-10,10.05,75.14,2.06,7.41,251.0,89.59,Pass,2024-07-10 10:03:00.000000000,SMP_00388,HPLC,5.082,0.5266,0.1315,0.6581,93.419,2024-01-21,73.20412,75.205,1.51429,1.652,6.755879999999999,0.0586627546905085,40.74676,24.555555555555554,755.157,0.006969995445831877
AmoxiTab,Plant_A,Line_1,2024-01-17,7.42,77.09,1.65,6.72,200.0,85.0,Pass,2024-01-17 07:25:12.000000000,SMP_00389,UPLC,5.005,0.2768,0.2783,0.5551,94.449,2024-05-26,73.60304000000001,75.644,1.60429,1.699,6.9259900000000005,0.05241510596510606,29.55429,29.09056603773585,572.0078,0.005815671196136157
MetforminXR,Plant_B,Line_1,2024-01-12,10.62,66.16,1.59,6.89,213.0,96.49,Pass,2024-01-12 10:37:12.000000000,SMP_00390,HPLC,5.62,0.2262,0.2812,0.5074,94.926,2024-03-29,71.52129,73.625,1.55708,1.71,6.77378,0.049837631313591785,43.852219999999996,25.544401544401545,702.6191999999999,0.005289493984946729
AtorvaCap,Plant_B,Line_3,2024-07-11,9.19,67.75,1.18,6.99,241.0,88.26,Pass,2024-07-11 09:11:24.000000000,SMP_00391,UPLC,5.164,0.1259,0.1494,0.2753,97.247,2024-10-29,76.52816,78.53,1.53998,1.667,6.8717,0.04916135050869102,43.72314,31.077981651376152,622.6225,0.0028021211843618633
AmoxiTab,Plant_B,Line_1,2024-01-22,8.69,70.81,1.47,6.3,191.0,94.03,Pass,2024-01-22 08:41:24.000000000,SMP_00392,HPLC,5.299,0.3959,0.1406,0.5365,94.635,2024-07-21,78.9644,80.94,1.36501,1.473,6.8248,0.05171620303701397,36.02376,28.668016194331987,615.3389,0.005609870863177707
AmoxiTab,Plant_B,Line_1,2024-04-29,6.21,72.78,1.28,6.99,202.0,93.8,Pass,2024-04-29 06:12:36.000000000,SMP_00393,HPLC,5.206,0.2318,0.1695,0.4013,95.987,2024-03-25,71.42609999999999,73.615,1.6513499999999999,1.776,6.75223,0.05113674576737125,37.56042,31.921052631578945,451.9638,0.004137667934877871
AmoxiTab,Plant_A,Line_2,2024-07-28,9.4,69.52,1.38,6.84,185.0,85.34,Pass,2024-07-28 09:24:00.000000000,SMP_00394,HPLC,5.023,0.4157,0.164,0.5797,94.203,2024-06-15,74.77147,76.797,1.46205,1.597,6.9000699999999995,0.0507087654048971,36.12445,29.210084033613445,653.4879999999999,0.006089093831076751
MetforminXR,Plant_B,Line_3,2024-11-01,7.26,74.82,2.06,6.54,255.0,96.2,Pass,2024-11-01 07:15:36.000000000,SMP_00395,HPLC,5.338,0.3606,0.1326,0.4932,95.068,2024-03-12,76.47645,78.034,1.4428999999999998,1.57,6.80202,0.042844322372934625,49.174139999999994,24.45098039215686,543.1931999999999,0.005133863513344715
MetforminXR,Plant_A,Line_3,2024-09-26,6.21,72.93,1.53,6.34,266.0,89.73,Pass,2024-09-26 06:12:36.000000000,SMP_00396,UPLC,5.263,0.2037,0.1167,0.3204,96.796,2024-10-24,73.51868,75.235,1.4512,1.576,6.694030000000001,0.05038647706187712,44.955709999999996,28.82608695652174,452.8953,0.0032762076158534092
AtorvaCap,Plant_B,Line_3,2024-07-10,8.77,80.35,1.24,7.04,173.0,92.22,Pass,2024-07-10 08:46:12.000000000,SMP_00397,HPLC,5.068,0.1108,0.3204,0.4312,95.688,2024-01-09,73.67638,75.482,1.57582,1.72,6.72861,0.049582885406685574,49.88031,35.87053571428571,704.6695,0.004459705444315737
AtorvaCap,Plant_B,Line_3,2024-06-23,5.92,72.63,1.91,7.25,216.0,90.57,Pass,2024-06-23 05:55:12.000000000,SMP_00398,UPLC,5.287,0.2773,0.18,0.4573,95.427,2024-10-07,78.13588,79.913,1.51439,1.621,7.00945,0.0514603652524852,44.74533,24.958762886597935,429.96959999999996,0.004742447654702521
AtorvaCap,Plant_B,Line_2,2024-10-11,6.86,63.57,1.79,6.87,262.0,98.49,Pass,2024-10-11 06:51:36.000000000,SMP_00399,HPLC,5.097,0.1885,0.1657,0.3542,96.458,2024-09-14,73.56416,75.433,1.5403200000000001,1.635,6.697190000000001,0.05216266225312263,41.220200000000006,22.78494623655914,436.09020000000004,0.003634386094522769
MetforminXR,Plant_B,Line_2,2024-07-22,7.98,75.63,1.8,6.23,232.0,97.37,Pass,2024-07-22 07:58:48.000000000,SMP_00400,UPLC,4.979,0.2539,0.206,0.4599,95.401,2024-10-01,71.89452,73.857,1.4182,1.529,6.88913,0.05004475875441751,43.34083,27.010714285714286,603.5274,0.00477069739940457
MetforminXR,Plant_B,Line_1,2024-06-12,11.33,74.93,0.9,6.38,205.0,84.75,Fail,2024-06-12 11:19:48.000000000,SMP_00401,HPLC,4.959,0.3549,0.1736,0.5285,94.715,2024-08-25,75.0393,77.398,1.4546199999999998,1.551,6.808630000000001,0.04858766002876355,39.79675,39.43684210526316,848.9569000000001,0.00552160058507026
AtorvaCap,Plant_A,Line_1,2024-09-07,6.97,70.69,2.08,6.63,174.0,101.04,Pass,2024-09-07 06:58:12.000000000,SMP_00402,HPLC,5.254,0.0846,0.1456,0.2302,97.698,2024-01-20,73.44245,75.459,1.56843,1.702,6.724629999999999,0.04706660979479778,31.98507,22.9512987012987,492.7093,0.0023323674238586397
AtorvaCap,Plant_A,Line_1,2024-08-14,7.31,75.47,1.33,7.43,255.0,89.29,Pass,2024-08-14 07:18:36.000000000,SMP_00403,UPLC,5.123,0.2765,0.0995,0.376,96.24,2024-08-20,75.699,77.71,1.6539599999999999,1.785,6.92748,0.051539820831209,41.10672,32.39055793991416,551.6857,0.0038667215137803373
MetforminXR,Plant_B,Line_1,2024-01-07,9.1,69.62,1.73,6.7,231.0,100.41,Pass,2024-01-07 09:06:00.000000000,SMP_00404,HPLC,5.5,0.326,0.0329,0.3589,96.411,2024-08-08,74.09115,75.522,1.4597499999999999,1.579,6.68133,0.05003696714238466,34.06642,25.501831501831504,633.542,0.003684388826723881
AtorvaCap,Plant_B,Line_2,2024-01-29,6.14,76.65,2.26,6.61,176.0,90.98,Pass,2024-01-29 06:08:24.000000000,SMP_00405,HPLC,5.191,0.3308,0.0716,0.4024,95.976,2024-11-21,78.49403000000001,80.472,1.4467599999999998,1.585,6.74534,0.048918447905208,34.083470000000005,23.51226993865031,470.63100000000003,0.004149480283781554
AmoxiTab,Plant_A,Line_3,2024-02-02,8.66,88.16,2.15,6.13,256.0,90.64,Pass,2024-02-02 08:39:36.000000000,SMP_00406,UPLC,5.043,0.1136,0.0907,0.2043,97.957,2024-01-17,73.64177,75.149,1.37941,1.489,6.72475,0.04809027180651225,39.83717,27.987301587301587,763.4656,0.0020645330800246574
MetforminXR,Plant_B,Line_2,2024-05-13,9.81,65.97,1.21,6.54,172.0,91.01,Pass,2024-05-13 09:48:36.000000000,SMP_00407,HPLC,5.232,0.2919,0.2321,0.524,94.76,2024-03-29,78.76176000000001,80.928,1.5722300000000002,1.694,6.644299999999999,0.04600999013170061,38.80451,29.850678733031675,647.1657,0.005472013366750209
AtorvaCap,Plant_B,Line_1,2024-03-19,7.54,72.42,1.07,6.31,213.0,90.4,Pass,2024-03-19 07:32:24.000000000,SMP_00408,UPLC,4.941,0.3704,0.238,0.6084,93.916,2024-07-14,72.7617,74.331,1.5416999999999998,1.693,7.02345,0.046950946892916165,40.93871,34.985507246376805,546.0468,0.006409878208099794
MetforminXR,Plant_A,Line_2,2024-02-27,9.54,71.62,1.93,6.4,212.0,102.1,Pass,2024-02-27 09:32:24.000000000,SMP_00409,HPLC,5.183,0.2843,0.1095,0.3938,96.062,2024-12-15,75.67114,77.627,1.4483000000000001,1.553,6.72655,0.04690165403815888,34.87509,24.443686006825942,683.2547999999999,0.004057200552224352
AmoxiTab,Plant_B,Line_3,2024-01-26,8.44,72.83,1.54,6.85,269.0,91.69,Pass,2024-01-26 08:26:24.000000000,SMP_00410,UPLC,5.264,0.2384,0.0331,0.2715,97.285,2024-03-24,75.15701,77.741,1.42354,1.589,6.67916,0.04951047639366116,36.55265,28.673228346456693,614.6851999999999,0.002762374726560513
MetforminXR,Plant_B,Line_3,2024-08-13,6.9,80.1,1.35,6.64,212.0,90.79,Pass,2024-08-13 06:54:00.000000000,SMP_00411,UPLC,5.239,0.364,0.1807,0.5447,94.553,2024-03-27,75.47328,77.921,1.57786,1.676,6.79148,0.050836136037987055,46.696239999999996,34.08510638297872,552.6899999999999,0.005700501292476426
MetforminXR,Plant_A,Line_2,2024-10-11,7.7,77.71,1.69,7.48,212.0,92.31,Pass,2024-10-11 07:42:00.000000000,SMP_00412,UPLC,5.461,0.1806,0.1463,0.3269,96.731,2024-11-02,76.59011000000001,78.808,1.60514,1.75,6.732609999999999,0.0447425621605074,44.942879999999995,28.888475836431226,598.367,0.003344895683048368
MetforminXR,Plant_A,Line_2,2024-01-04,7.43,79.24,1.45,7.23,179.0,88.13,Pass,2024-01-04 07:25:48.000000000,SMP_00413,UPLC,5.72,0.097,0.1443,0.2413,97.587,2024-12-03,72.6089,74.345,1.34216,1.448,6.94048,0.049174289085564885,40.22551,32.34285714285714,588.7532,0.002447584367107225
MetforminXR,Plant_A,Line_2,2024-04-08,7.87,75.15,1.71,6.56,201.0,98.39,Pass,2024-04-08 07:52:12.000000000,SMP_00414,HPLC,5.334,0.2299,0.2565,0.4864,95.136,2024-06-02,73.45401,75.139,1.4043100000000002,1.54,6.977329999999999,0.05874909068713878,39.24503,27.730627306273064,591.4305,0.005059499043022385
AmoxiTab,Plant_B,Line_1,2024-02-08,8.23,68.39,1.52,6.43,195.0,86.12,Pass,2024-02-08 08:13:48.000000000,SMP_00415,HPLC,5.436,0.3035,0.1911,0.4946,95.054,2024-08-15,74.67797999999999,76.43,1.5866300000000002,1.683,6.7236,0.0529083446092668,48.81096,27.13888888888889,562.8497,0.005149186915693256
MetforminXR,Plant_A,Line_2,2024-09-27,8.88,69.43,1.72,7.35,197.0,89.54,Pass,2024-09-27 08:52:48.000000000,SMP_00416,UPLC,5.709,0.3539,0.1019,0.4558,95.442,2024-09-20,76.53966,78.338,1.6209,1.768,6.84316,0.052768164568413656,39.932649999999995,25.525735294117652,616.5384000000001,0.004726156653740072
MetforminXR,Plant_A,Line_2,2024-10-11,8.76,78.73,1.23,7.46,220.0,95.75,Pass,2024-10-11 08:45:36.000000000,SMP_00417,HPLC,4.999,0.3031,0.0835,0.3866,96.134,2024-08-10,75.69815,78.012,1.5281,1.641,6.7681,0.05415363479597805,39.18298,35.304932735426014,689.6748,0.003980068770976177
AtorvaCap,Plant_A,Line_2,2024-06-05,4.35,75.85,1.93,5.92,147.0,92.17,Pass,2024-06-05 04:21:00.000000000,SMP_00418,HPLC,5.226,0.3336,0.159,0.4926,95.074,2024-04-30,74.74926,76.232,1.62232,1.728,6.881799999999999,0.049246237614582536,37.10764,25.887372013651877,329.94749999999993,0.005127297708016737
MetforminXR,Plant_A,Line_3,2024-03-15,7.85,81.3,1.71,6.84,175.0,94.2,Pass,2024-03-15 07:51:00.000000000,SMP_00419,HPLC,5.104,0.3545,0.1075,0.462,95.38,2024-06-21,75.57066,76.97,1.55292,1.676,6.8412,0.04674625248308264,55.03353,30.0,638.2049999999999,0.004793525627723594
AtorvaCap,Plant_A,Line_3,2024-10-14,5.74,76.47,1.69,6.7,217.0,98.13,Pass,2024-10-14 05:44:24.000000000,SMP_00420,UPLC,5.369,0.2161,0.1742,0.3903,96.097,2024-01-04,75.57988,77.087,1.6587299999999998,1.786,6.744800000000001,0.046344123443838904,49.29401,28.4275092936803,438.9378,0.004019691648557628
AmoxiTab,Plant_A,Line_1,2024-05-09,7.59,69.08,1.16,7.06,224.0,96.02,Pass,2024-05-09 07:35:24.000000000,SMP_00421,HPLC,5.254,0.2352,0.2621,0.4973,95.027,2024-12-07,74.86242,77.076,1.6196700000000002,1.735,6.74055,0.0481016127745748,39.545030000000004,31.981481481481477,524.3172,0.005178751809386943
AmoxiTab,Plant_B,Line_1,2024-06-23,7.81,72.39,2.01,7.58,213.0,92.55,Pass,2024-06-23 07:48:36.000000000,SMP_00422,HPLC,5.036,0.3787,0.0696,0.4483,95.517,2024-05-07,69.74261,71.609,1.3833000000000002,1.502,6.926130000000001,0.0523395392961898,43.728010000000005,24.049833887043192,565.3659,0.004644777603945419
AmoxiTab,Plant_B,Line_3,2024-03-24,9.46,77.82,1.5,6.61,219.0,100.36,Pass,2024-03-24 09:27:36.000000000,SMP_00423,UPLC,5.202,0.129,0.187,0.316,96.84,2024-04-19,72.11959,73.806,1.48177,1.633,6.843859999999999,0.05061620693059101,35.50102,31.127999999999997,736.1772,0.0032297628781684383
AmoxiTab,Plant_A,Line_3,2024-01-22,7.95,78.55,1.72,5.98,208.0,89.49,Pass,2024-01-22 07:57:00.000000000,SMP_00424,HPLC,5.409,0.2929,0.2532,0.5461,94.539,2024-12-20,72.34022,75.686,1.54786,1.683,6.78974,0.046658358567811024,49.88241,28.878676470588236,624.4725,0.0057159903285569245
AtorvaCap,Plant_A,Line_3,2024-01-27,8.39,79.28,1.4,7.03,219.0,91.6,Pass,2024-01-27 08:23:24.000000000,SMP_00425,UPLC,4.939,0.1783,0.1731,0.3514,96.486,2024-02-06,73.20691,74.75,1.28243,1.391,6.70116,0.05111063855732351,47.177969999999995,33.03333333333334,665.1592,0.0036046201505857247
MetforminXR,Plant_A,Line_2,2024-07-13,9.19,69.76,1.58,7.36,233.0,91.88,Pass,2024-07-13 09:11:24.000000000,SMP_00426,UPLC,5.041,0.36,0.2377,0.5977,94.023,2024-03-11,74.92553,77.148,1.41382,1.524,6.88439,0.051439853079577325,35.690349999999995,27.038759689922482,641.0944000000001,0.006290056091683067
AmoxiTab,Plant_B,Line_2,2024-12-02,9.84,68.99,1.59,6.68,233.0,91.59,Pass,2024-12-02 09:50:24.000000000,SMP_00427,UPLC,5.011,0.2482,0.157,0.4052,95.948,2024-10-15,71.96958,73.491,1.56355,1.678,6.8147400000000005,0.05193267203064382,39.01604,26.637065637065636,678.8616,0.004179560176589512
MetforminXR,Plant_B,Line_3,2024-08-23,7.82,74.05,0.65,6.52,199.0,87.72,Pass,2024-08-23 07:49:12.000000000,SMP_00428,HPLC,5.265,0.2508,0.1937,0.4445,95.555,2024-01-31,76.34499,78.117,1.47497,1.587,6.85417,0.05589926997589845,42.16686,44.87878787878788,579.071,0.004603593806638703
AtorvaCap,Plant_B,Line_2,2024-04-01,8.14,82.2,1.67,6.63,247.0,85.67,Pass,2024-04-01 08:08:24.000000000,SMP_00429,HPLC,5.448,0.4229,0.2153,0.6382,93.618,2024-09-24,72.29614,74.125,1.4605299999999999,1.594,6.66918,0.04835858901284372,46.46573,30.786516853932586,669.1080000000001,0.006745016804413537
AtorvaCap,Plant_B,Line_2,2024-01-21,8.02,71.53,2.09,7.14,225.0,93.67,Pass,2024-01-21 08:01:12.000000000,SMP_00430,UPLC,4.798,0.1424,0.1342,0.2766,97.234,2024-01-11,72.92036,74.524,1.53874,1.658,6.76543,0.05490216367100272,35.19732,23.148867313915858,573.6705999999999,0.002815725716147159
AtorvaCap,Plant_B,Line_1,2024-10-29,7.19,77.27,1.66,6.62,257.0,89.47,Pass,2024-10-29 07:11:24.000000000,SMP_00431,UPLC,5.219,0.2716,0.3393,0.6109,93.891,2024-12-09,68.51801,70.177,1.60364,1.755,6.829210000000001,0.04570730220377795,37.635189999999994,29.048872180451124,555.5713,0.006437912973833134
AmoxiTab,Plant_B,Line_3,2024-12-22,6.85,77.28,1.21,6.93,263.0,99.63,Pass,2024-12-22 06:51:00.000000000,SMP_00432,UPLC,5.015,0.232,0.2262,0.4582,95.418,2024-11-23,75.33207,77.306,1.5427899999999999,1.684,6.7811,0.04506684149150253,44.51106,34.96832579185521,529.3679999999999,0.0047522246883362025
MetforminXR,Plant_B,Line_3,2024-03-24,4.59,78.8,1.69,6.81,177.0,91.71,Pass,2024-03-24 04:35:24.000000000,SMP_00433,UPLC,5.401,0.3032,0.2842,0.5874,94.126,2024-02-01,73.90559999999999,75.972,1.40339,1.53,6.7725,0.049100083317833346,41.12813,29.29368029739777,361.69199999999995,0.006174967937262158
MetforminXR,Plant_B,Line_2,2024-09-18,6.39,83.32,1.82,6.77,194.0,90.99,Pass,2024-09-18 06:23:24.000000000,SMP_00434,UPLC,5.153,0.4429,0.2657,0.7086,92.914,2024-02-26,77.83431999999999,79.529,1.41547,1.532,6.79114,0.04650687360949245,43.32011000000001,29.546099290780138,532.4147999999999,0.0075452009285090615
MetforminXR,Plant_B,Line_3,2024-05-26,5.33,82.81,1.65,7.08,244.0,96.38,Pass,2024-05-26 05:19:48.000000000,SMP_00435,UPLC,5.226,0.1895,0.2062,0.3957,96.043,2024-06-14,73.77181,75.574,1.59711,1.713,6.76273,0.045802574803015784,37.88852,31.249056603773585,441.3773,0.004077573859010954
AtorvaCap,Plant_A,Line_1,2024-09-13,9.88,72.03,1.48,6.61,170.0,93.61,Pass,2024-09-13 09:52:48.000000000,SMP_00436,HPLC,5.2,0.1303,0.2909,0.4212,95.788,2024-07-06,75.4746,77.663,1.43617,1.556,6.823099999999999,0.04717889872441381,39.4493,29.04435483870968,711.6564000000001,0.004351779146175146
AmoxiTab,Plant_A,Line_1,2024-02-27,8.28,64.51,1.43,6.63,263.0,91.3,Pass,2024-02-27 08:16:48.000000000,SMP_00437,UPLC,5.425,0.1691,0.195,0.3641,96.359,2024-12-07,74.40794,76.288,1.5358600000000002,1.652,6.8625300000000005,0.05045959579783423,38.64066,26.547325102880663,534.1428,0.003739767253155846
AtorvaCap,Plant_A,Line_1,2024-01-15,7.81,71.61,1.43,7.12,210.0,89.44,Pass,2024-01-15 07:48:36.000000000,SMP_00438,UPLC,5.61,0.2267,0.1216,0.3483,96.517,2024-01-19,76.37659,78.119,1.46173,1.556,6.77486,0.05496188210795264,36.83998,29.46913580246914,559.2741,0.0035716849369853464
AtorvaCap,Plant_A,Line_3,2024-06-10,6.92,75.38,1.71,6.41,237.0,106.63,Pass,2024-06-10 06:55:12.000000000,SMP_00439,UPLC,4.973,0.2564,0.1812,0.4376,95.624,2024-04-25,78.84541,80.483,1.58743,1.715,6.9300999999999995,0.05888947017056357,31.36373,27.815498154981547,521.6296,0.00452889551250207
MetforminXR,Plant_B,Line_3,2024-06-11,8.04,73.19,1.08,6.45,217.0,93.45,Pass,2024-06-11 08:02:24.000000000,SMP_00440,HPLC,5.009,0.2615,0.0995,0.361,96.39,2024-07-02,73.61875,75.581,1.48958,1.63,6.89585,0.05322249372571556,36.60933,35.1875,588.4476,0.0037067460724920422
AtorvaCap,Plant_B,Line_3,2024-11-15,6.73,84.84,1.39,6.3,178.0,96.34,Pass,2024-11-15 06:43:48.000000000,SMP_00441,HPLC,5.264,0.4303,0.0119,0.4422,95.578,2024-09-26,77.65293,79.563,1.47103,1.63,6.793830000000001,0.04857713952929401,46.49708,35.4979079497908,570.9732,0.004578682515686802
MetforminXR,Plant_A,Line_3,2024-10-07,8.26,75.09,1.98,7.14,252.0,87.91,Pass,2024-10-07 08:15:36.000000000,SMP_00442,HPLC,5.037,0.4125,0.1118,0.5243,94.757,2024-02-02,72.61637999999999,74.581,1.46435,1.589,6.88279,0.04911156028406494,44.98334,25.197986577181208,620.2434000000001,0.0054753177313407895
AmoxiTab,Plant_B,Line_3,2024-10-06,8.37,78.27,1.99,6.76,303.0,89.69,Pass,2024-10-06 08:22:12.000000000,SMP_00443,HPLC,5.387,0.3803,0.1858,0.5661,94.339,2024-01-10,76.8537,78.617,1.4743700000000002,1.589,6.990309999999999,0.0556710568038417,35.59908,26.177257525083608,655.1198999999999,0.005937758944398411
MetforminXR,Plant_A,Line_1,2024-01-12,6.71,76.09,1.06,6.27,205.0,100.45,Pass,2024-01-12 06:42:36.000000000,SMP_00444,UPLC,5.419,0.5014,0.265,0.7664,92.336,2024-03-20,71.72483,73.389,1.47783,1.631,6.682530000000001,0.05490845549501903,42.92373,36.93689320388349,510.56390000000005,0.008211193965886689
AmoxiTab,Plant_B,Line_2,2024-09-30,6.68,73.27,1.16,7.14,210.0,97.59,Pass,2024-09-30 06:40:48.000000000,SMP_00445,HPLC,5.091,0.3324,0.1116,0.444,95.56,2024-07-10,76.8928,78.984,1.4307699999999999,1.545,6.8504700000000005,0.05138082317264853,44.93032,33.92129629629629,489.44359999999995,0.00459817729908865
MetforminXR,Plant_A,Line_1,2024-09-27,9.44,65.38,1.42,6.58,141.0,93.83,Pass,2024-09-27 09:26:24.000000000,SMP_00446,UPLC,5.047,0.3608,0.2608,0.6216,93.784,2024-11-15,72.21433,74.798,1.46033,1.595,6.733490000000001,0.051176560093760676,41.21678,27.016528925619834,617.1872,0.006558068872383525
AtorvaCap,Plant_B,Line_3,2024-07-26,7.92,74.61,1.77,6.45,261.0,90.47,Pass,2024-07-26 07:55:12.000000000,SMP_00447,UPLC,5.145,0.3305,0.0831,0.4136,95.864,2024-07-08,75.51821,77.601,1.48838,1.597,6.8276,0.046055302724994786,36.54049,26.935018050541515,590.9112,0.0042699041955731746
AtorvaCap,Plant_B,Line_1,2024-01-27,6.83,91.27,0.95,6.72,247.0,91.06,Pass,2024-01-27 06:49:48.000000000,SMP_00448,UPLC,5.221,0.3141,0.1064,0.4205,95.795,2024-03-08,73.65975999999999,75.301,1.46882,1.587,6.77548,0.04631130498805853,45.6188,46.805128205128206,623.3741,0.004344232656645488
AmoxiTab,Plant_A,Line_3,2024-03-12,7.44,68.78,1.48,7.39,168.0,89.3,Pass,2024-03-12 07:26:24.000000000,SMP_00449,UPLC,5.263,0.2894,0.2959,0.5853,94.147,2024-12-13,78.04382000000001,80.304,1.7085,1.851,6.85475,0.047548884998982466,39.873760000000004,27.733870967741936,511.7232,0.00615153394221573
AmoxiTab,Plant_B,Line_3,2024-02-29,6.48,65.93,1.36,6.64,158.0,87.37,Pass,2024-02-29 06:28:48.000000000,SMP_00450,UPLC,4.749,0.2103,0.1838,0.3941,96.059,2024-05-04,75.16413,76.785,1.4843899999999999,1.588,6.76147,0.04997260966941511,39.24992,27.9364406779661,427.22640000000007,0.0040604168598481335
AmoxiTab,Plant_A,Line_1,2024-05-24,7.9,84.68,1.9,7.03,162.0,95.7,Pass,2024-05-24 07:54:00.000000000,SMP_00451,UPLC,5.007,0.1253,0.1661,0.2914,97.086,2024-12-01,71.16001,72.892,1.50951,1.609,6.73424,0.045999367584585504,46.62243,29.200000000000003,668.9720000000001,0.0029708623045082887
MetforminXR,Plant_A,Line_3,2024-04-02,9.25,78.71,1.0,7.09,239.0,94.16,Pass,2024-04-02 09:15:00.000000000,SMP_00452,HPLC,5.119,0.2369,0.1988,0.4357,95.643,2024-02-28,72.68111,75.297,1.44226,1.58,6.74649,0.04941669758290223,29.664740000000002,39.355,728.0675,0.004508345146570367
MetforminXR,Plant_A,Line_2,2024-11-04,7.96,75.94,1.53,6.98,242.0,94.94,Pass,2024-11-04 07:57:36.000000000,SMP_00453,HPLC,5.041,0.3066,0.0835,0.3901,96.099,2024-04-06,73.68643,75.631,1.4820900000000001,1.622,6.75408,0.053103421107620924,33.44545,30.015810276679836,604.4824,0.004017549099372805
AmoxiTab,Plant_A,Line_3,2024-01-08,11.55,81.81,1.38,7.31,192.0,90.65,Pass,2024-01-08 11:33:00.000000000,SMP_00454,HPLC,4.627,0.2572,0.1535,0.4107,95.893,2024-10-01,72.31518,73.964,1.42181,1.571,6.828189999999999,0.0404609039379343,39.15047,34.37394957983194,944.9055000000001,0.004238696293849917
AtorvaCap,Plant_B,Line_2,2024-03-19,8.63,70.84,1.94,6.52,235.0,93.02,Pass,2024-03-19 08:37:48.000000000,SMP_00455,HPLC,4.822,0.1435,0.1802,0.3237,96.763,2024-05-28,74.47162,77.061,1.68829,1.86,6.68695,0.05245130016395108,38.50888,24.0952380952381,611.3492000000001,0.0033110686046868443
MetforminXR,Plant_B,Line_2,2024-01-27,8.34,74.47,1.68,6.38,225.0,90.27,Pass,2024-01-27 08:20:24.000000000,SMP_00456,HPLC,4.939,0.2334,0.2785,0.5119,94.881,2024-10-04,75.13957,76.995,1.51441,1.644,6.94379,0.057702877928333195,40.53209,27.787313432835823,621.0798,0.005338909690136732
MetforminXR,Plant_B,Line_3,2024-06-22,6.64,79.78,1.32,6.37,209.0,89.09,Pass,2024-06-22 06:38:24.000000000,SMP_00457,UPLC,5.177,0.2282,0.0464,0.2746,97.254,2024-09-21,73.61831000000001,75.939,1.3949799999999999,1.519,6.693020000000001,0.0505646860441897,34.95196,34.387931034482754,529.7392,0.0027947971583854093
MetforminXR,Plant_A,Line_1,2024-02-19,7.64,85.55,1.76,6.74,249.0,98.67,Pass,2024-02-19 07:38:24.000000000,SMP_00458,HPLC,5.113,0.2438,0.321,0.5648,94.352,2024-01-09,76.09499,78.521,1.41734,1.539,6.82351,0.048375737929276325,38.30959,30.996376811594203,653.602,0.0059233157144055705
AmoxiTab,Plant_B,Line_2,2024-07-17,6.83,69.16,1.38,6.42,184.0,92.49,Pass,2024-07-17 06:49:48.000000000,SMP_00459,HPLC,5.074,0.2991,0.17,0.4691,95.309,2024-10-09,74.19105,75.882,1.50519,1.615,6.7028,0.04428922389854401,43.90189,29.058823529411764,472.3628,0.00487078050857137
AmoxiTab,Plant_A,Line_1,2024-12-14,4.75,81.4,1.8,6.86,254.0,94.03,Pass,2024-12-14 04:45:00.000000000,SMP_00460,HPLC,5.359,0.3206,0.0912,0.4118,95.882,2024-09-29,75.55967,77.743,1.42875,1.555,6.75516,0.054343969957181805,41.430510000000005,29.071428571428577,386.65000000000003,0.004250531574492682
AmoxiTab,Plant_B,Line_2,2024-06-29,9.46,76.91,1.43,6.83,198.0,95.34,Pass,2024-06-29 09:27:36.000000000,SMP_00461,UPLC,5.359,0.2,0.0767,0.2767,97.233,2024-10-27,73.44896,76.243,1.48338,1.602,6.80399,0.05093856370891574,37.99235,31.650205761316876,727.5686000000001,0.002816772367737929
AmoxiTab,Plant_B,Line_3,2024-01-24,7.23,75.82,1.82,7.21,273.0,92.54,Pass,2024-01-24 07:13:48.000000000,SMP_00462,UPLC,5.23,0.3481,0.2019,0.55,94.5,2024-01-08,74.72759,76.674,1.40781,1.515,6.681470000000001,0.048491268609030386,48.07246,26.88652482269503,548.1786,0.005759162303664922
AmoxiTab,Plant_B,Line_3,2024-11-11,6.86,74.96,1.63,6.92,190.0,92.96,Pass,2024-11-11 06:51:36.000000000,SMP_00463,UPLC,5.224,0.3632,0.0722,0.4354,95.646,2024-07-26,77.10113,79.299,1.2795400000000001,1.401,6.89189,0.05617305421821053,31.14777,28.50190114068441,514.2256,0.004505101090577985
AtorvaCap,Plant_A,Line_2,2024-02-15,8.32,68.08,2.48,6.63,209.0,87.65,Pass,2024-02-15 08:19:12.000000000,SMP_00464,HPLC,5.029,0.282,0.1352,0.4172,95.828,2024-05-04,75.52352,77.37,1.5541999999999998,1.672,6.975420000000001,0.05275236219518309,47.390550000000005,19.563218390804597,566.4256,0.004308671045565333
AtorvaCap,Plant_B,Line_3,2024-01-15,8.77,79.82,1.48,6.96,222.0,88.42,Pass,2024-01-15 08:46:12.000000000,SMP_00465,HPLC,5.053,0.3165,0.16,0.4765,95.235,2024-05-02,73.81271,75.399,1.40466,1.513,6.99296,0.046890786499971034,40.46786,32.18548387096774,700.0213999999999,0.0049514210006754295
AmoxiTab,Plant_B,Line_2,2024-06-01,7.52,71.09,1.61,6.39,222.0,88.21,Pass,2024-06-01 07:31:12.000000000,SMP_00466,HPLC,4.858,0.3484,0.2715,0.6199,93.801,2024-02-02,73.35478,75.06,1.54631,1.689,6.928920000000001,0.0535123284199939,40.60108,27.237547892720304,534.5968,0.006538960559487769
MetforminXR,Plant_A,Line_3,2024-08-09,8.0,69.6,1.36,6.78,235.0,94.42,Pass,2024-08-09 08:00:00.000000000,SMP_00467,HPLC,5.15,0.1402,0.2615,0.4017,95.983,2024-01-01,74.50967,76.423,1.50401,1.649,6.6961699999999995,0.04610419797271261,36.30036,29.491525423728806,556.8,0.004141963024447583
AmoxiTab,Plant_B,Line_1,2024-07-24,9.12,79.43,1.5,6.93,181.0,92.28,Pass,2024-07-24 09:07:12.000000000,SMP_00468,HPLC,5.357,0.3555,0.1286,0.4841,95.159,2024-07-22,72.20817,74.187,1.53614,1.642,6.842619999999999,0.04772771678485122,41.44411,31.772000000000002,724.4016,0.005034370157759543
AtorvaCap,Plant_A,Line_3,2024-09-29,7.46,78.95,0.69,6.85,219.0,88.42,Pass,2024-09-29 07:27:36.000000000,SMP_00469,UPLC,5.471,0.171,0.163,0.334,96.66,2024-01-06,77.76823999999999,80.135,1.54262,1.684,6.96252,0.044862636587879645,36.55351,46.71597633136095,588.967,0.0034200286708990376
AtorvaCap,Plant_B,Line_1,2024-08-23,8.45,75.4,1.64,6.97,224.0,94.32,Pass,2024-08-23 08:27:00.000000000,SMP_00470,HPLC,5.151,0.1807,0.0524,0.2331,97.669,2024-10-23,70.94093,73.259,1.4198300000000001,1.558,6.89255,0.05711929303102084,36.07384,28.560606060606066,637.13,0.002362444131388785
MetforminXR,Plant_A,Line_3,2024-12-05,5.51,80.4,1.9,6.54,204.0,94.17,Pass,2024-12-05 05:30:36.000000000,SMP_00471,UPLC,5.298,0.2696,0.0169,0.2865,97.135,2024-01-05,74.80086999999999,77.221,1.24124,1.366,6.86057,0.05258187555007553,40.95321,27.724137931034484,443.004,0.0029194476995974927
AtorvaCap,Plant_A,Line_1,2024-08-15,6.14,82.13,1.62,7.26,232.0,89.22,Pass,2024-08-15 06:08:24.000000000,SMP_00472,HPLC,4.629,0.0356,0.0817,0.1173,98.827,2024-03-20,79.20069,81.278,1.46528,1.645,6.710750000000001,0.04638320294192193,36.16144,31.347328244274806,504.27819999999997,0.0011750328067556873
AmoxiTab,Plant_B,Line_3,2024-01-09,8.91,81.54,1.11,7.53,180.0,91.89,Pass,2024-01-09 08:54:36.000000000,SMP_00473,UPLC,5.113,0.2676,0.2698,0.5374,94.626,2024-09-30,72.56007,74.948,1.4482499999999998,1.547,6.917999999999999,0.04293382269625105,42.03189999999999,38.644549763033176,726.5214000000001,0.005619810511785497
MetforminXR,Plant_A,Line_1,2024-06-14,6.06,72.36,1.26,6.16,210.0,94.19,Pass,2024-06-14 06:03:36.000000000,SMP_00474,UPLC,5.109,0.3482,0.2424,0.5906,94.094,2024-06-25,71.73169,73.901,1.4287200000000002,1.518,6.67132,0.0478727015694285,35.19251,32.01769911504425,438.5016,0.006210696784234547
AmoxiTab,Plant_A,Line_2,2024-11-14,8.35,80.07,0.77,6.31,197.0,88.57,Pass,2024-11-14 08:21:00.000000000,SMP_00475,UPLC,5.498,0.0854,0.2107,0.2961,97.039,2024-12-03,71.40206,73.547,1.48155,1.61,6.6753,0.05185381549913357,37.83283,45.23728813559322,668.5844999999999,0.0030202266444986177
AmoxiTab,Plant_A,Line_2,2024-08-01,7.78,76.06,1.79,6.82,210.0,94.26,Pass,2024-08-01 07:46:48.000000000,SMP_00476,UPLC,5.279,0.3589,0.0634,0.4223,95.777,2024-11-16,74.59148,77.095,1.50694,1.633,6.98019,0.0546509021985099,46.493900000000004,27.261648745519715,591.7468,0.004363640121103155
MetforminXR,Plant_A,Line_1,2024-04-26,7.45,83.63,1.2,6.7,263.0,93.2,Pass,2024-04-26 07:27:00.000000000,SMP_00477,HPLC,5.299,0.1801,0.1231,0.3032,96.968,2024-12-04,74.62612,76.415,1.659,1.779,6.88326,0.05184390323876363,30.76459,38.01363636363636,623.0435,0.003094888126735261
AmoxiTab,Plant_A,Line_3,2024-12-09,6.76,74.38,1.49,7.56,264.0,88.0,Pass,2024-12-09 06:45:36.000000000,SMP_00478,HPLC,5.288,0.2707,0.1114,0.3821,96.179,2024-05-15,72.34183,74.376,1.5391,1.667,6.60288,0.048138537450558024,45.073010000000004,29.871485943775095,502.80879999999996,0.003931919447617283
AtorvaCap,Plant_A,Line_1,2024-03-12,9.36,73.22,1.45,6.89,258.0,92.88,Pass,2024-03-12 09:21:36.000000000,SMP_00479,HPLC,5.209,0.1946,0.1667,0.3613,96.387,2024-01-25,71.85447,73.62,1.35024,1.48,6.8716099999999996,0.0468077725998318,33.67097,29.885714285714283,685.3391999999999,0.003709940751845729
AmoxiTab,Plant_B,Line_3,2024-03-04,10.59,71.93,1.95,7.36,206.0,93.46,Pass,2024-03-04 10:35:24.000000000,SMP_00480,UPLC,5.506,0.3073,0.1617,0.469,95.31,2024-11-20,72.49052,73.812,1.4208500000000002,1.507,6.9921500000000005,0.04676340082335373,42.96934,24.38305084745763,761.7387000000001,0.004869691620807808
MetforminXR,Plant_A,Line_2,2024-07-23,8.45,75.95,1.53,5.98,247.0,89.5,Pass,2024-07-23 08:27:00.000000000,SMP_00481,HPLC,4.739,0.3525,0.0998,0.4523,95.477,2024-07-01,76.63594,78.677,1.41031,1.566,6.87767,0.045417269665165655,34.91589,30.0197628458498,641.7774999999999,0.004688164018367072
MetforminXR,Plant_A,Line_3,2024-07-27,8.48,77.33,1.74,7.13,223.0,89.81,Pass,2024-07-27 08:28:48.000000000,SMP_00482,HPLC,5.229,0.3147,0.2079,0.5226,94.774,2024-06-16,74.81292,76.722,1.49841,1.674,6.75192,0.05552061770098559,42.265060000000005,28.222627737226276,655.7584,0.005456595735794683
MetforminXR,Plant_B,Line_2,2024-03-12,6.98,77.43,1.66,6.51,221.0,87.97,Pass,2024-03-12 06:58:48.000000000,SMP_00483,HPLC,5.426,0.2496,0.1983,0.4479,95.521,2024-12-03,73.80387999999999,75.623,1.52762,1.635,6.6851,0.04627705323986898,47.6104,29.10902255639098,540.4614,0.004640440940313507
AmoxiTab,Plant_B,Line_3,2024-10-03,6.21,76.75,1.91,6.51,218.0,90.2,Pass,2024-10-03 06:12:36.000000000,SMP_00484,HPLC,4.822,0.2024,0.1217,0.3241,96.759,2024-06-26,72.80077,74.747,1.43858,1.566,6.856,0.04619611247800844,42.61733,26.374570446735394,476.6175,0.0033152957783938054
MetforminXR,Plant_B,Line_3,2024-09-30,7.94,78.36,1.43,6.7,273.0,91.95,Pass,2024-09-30 07:56:24.000000000,SMP_00485,UPLC,5.368,0.2431,0.2043,0.4474,95.526,2024-04-04,76.50165,78.505,1.48339,1.582,6.76951,0.051571171768496384,41.15318,32.24691358024692,622.1784,0.0046350206162070326
MetforminXR,Plant_B,Line_3,2024-11-15,6.54,73.89,2.06,6.23,261.0,89.82,Pass,2024-11-15 06:32:24.000000000,SMP_00486,UPLC,5.048,0.3156,0.2699,0.5855,94.145,2024-02-02,78.86582,80.981,1.4124700000000001,1.538,6.97092,0.05018504747331608,51.43521,24.147058823529413,483.24060000000003,0.006153765305586211
AmoxiTab,Plant_B,Line_1,2024-12-03,5.34,70.64,0.9,6.98,242.0,86.06,Pass,2024-12-03 05:20:24.000000000,SMP_00487,HPLC,5.222,0.319,0.2942,0.6132,93.868,2024-04-20,73.16801000000001,75.017,1.3962199999999998,1.517,6.82594,0.053535189974974244,39.27076,37.178947368421056,377.2176,0.006463718008179787
AtorvaCap,Plant_B,Line_1,2024-04-04,9.21,70.2,1.76,6.88,215.0,89.25,Pass,2024-04-04 09:12:36.000000000,SMP_00488,HPLC,5.044,0.3051,0.2193,0.5244,94.756,2024-05-25,73.99216,75.987,1.69913,1.827,6.798690000000001,0.04907995846811956,36.65302,25.434782608695656,646.542,0.005476419232215214
AmoxiTab,Plant_B,Line_2,2024-06-14,9.28,79.88,1.24,6.91,221.0,90.33,Pass,2024-06-14 09:16:48.000000000,SMP_00489,HPLC,5.392,0.1217,0.2169,0.3386,96.614,2024-08-18,75.76442,77.725,1.41124,1.518,6.564590000000001,0.05098110067723747,37.11056,35.66071428571428,741.2864,0.003468764726371217
MetforminXR,Plant_A,Line_2,2024-02-01,6.71,77.35,1.35,7.15,236.0,95.27,Pass,2024-02-01 06:42:36.000000000,SMP_00490,UPLC,5.142,0.2477,0.1608,0.4085,95.915,2024-09-28,75.39757,77.549,1.4491399999999999,1.561,6.7056499999999994,0.04936063433772102,34.38696,32.91489361702127,519.0184999999999,0.004215033792498581
MetforminXR,Plant_A,Line_1,2024-01-11,8.37,65.72,1.67,7.41,204.0,94.38,Pass,2024-01-11 08:22:12.000000000,SMP_00491,UPLC,5.369,0.1867,0.2624,0.4491,95.509,2024-12-01,75.44715000000001,77.448,1.4980600000000002,1.601,6.70999,0.04499303986577972,41.531800000000004,24.61423220973783,550.0763999999999,0.004653452009657131
AmoxiTab,Plant_B,Line_2,2024-10-27,9.5,80.48,1.67,6.65,248.0,95.34,Pass,2024-10-27 09:30:00.000000000,SMP_00492,UPLC,5.287,0.3165,0.0944,0.4109,95.891,2024-02-07,75.60168,77.001,1.58673,1.702,6.810549999999999,0.05175551988323424,38.89546,30.14232209737828,764.5600000000001,0.004240847963175114
AtorvaCap,Plant_A,Line_1,2024-08-04,8.31,84.4,1.68,6.99,192.0,89.04,Pass,2024-08-04 08:18:36.000000000,SMP_00493,HPLC,5.041,0.1735,0.2531,0.4266,95.734,2024-05-14,77.10906,78.726,1.3855199999999999,1.539,6.904170000000001,0.05290320014761474,38.76124,31.49253731343284,701.364,0.004410031633138297
MetforminXR,Plant_A,Line_3,2024-10-15,6.21,71.42,1.08,6.92,232.0,92.57,Pass,2024-10-15 06:12:36.000000000,SMP_00494,UPLC,5.3,0.2952,0.157,0.4522,95.478,2024-11-29,76.11699,78.537,1.4243299999999999,1.544,6.7613199999999996,0.04396805084319171,34.48762,34.33653846153846,443.51820000000004,0.004687078919546425
MetforminXR,Plant_A,Line_2,2024-04-11,7.65,76.68,1.93,6.95,151.0,82.31,Fail,2024-04-11 07:39:00.000000000,SMP_00495,UPLC,5.067,0.2218,0.2993,0.5211,94.789,2024-08-22,73.52203,75.493,1.44719,1.557,6.784009999999999,0.05300895578993588,41.40575,26.17064846416383,586.6020000000001,0.005440081846558582
MetforminXR,Plant_B,Line_2,2024-09-23,9.99,72.63,1.23,6.96,203.0,93.72,Pass,2024-09-23 09:59:24.000000000,SMP_00496,UPLC,5.213,0.0621,0.2271,0.2892,97.108,2024-11-14,75.09164,76.81,1.56905,1.668,6.683450000000001,0.050421531195321743,36.04909,32.5695067264574,725.5736999999999,0.0029477718432747583
AmoxiTab,Plant_B,Line_1,2024-08-01,8.37,78.14,1.27,7.44,282.0,94.44,Pass,2024-08-01 08:22:12.000000000,SMP_00497,UPLC,5.139,0.3431,0.1746,0.5177,94.823,2024-12-10,76.91230999999999,79.13,1.51102,1.646,6.75179,0.04653515994504683,40.956739999999996,34.42290748898679,654.0318,0.005402669505233609
MetforminXR,Plant_A,Line_2,2024-06-27,8.81,69.17,1.69,6.62,251.0,90.59,Pass,2024-06-27 08:48:36.000000000,SMP_00498,UPLC,5.38,0.2475,0.1611,0.4086,95.914,2024-06-08,73.94533,76.488,1.38514,1.495,6.7095899999999995,0.04529278378093222,34.85093,25.71375464684015,609.3877,0.004216109127680211
AtorvaCap,Plant_B,Line_2,2024-03-28,8.51,74.64,1.41,6.19,266.0,93.18,Pass,2024-03-28 08:30:36.000000000,SMP_00499,HPLC,5.308,0.3776,0.222,0.5996,94.004,2024-02-07,74.80394,77.158,1.59423,1.701,6.690650000000001,0.053027984797813836,42.25435,30.970954356846473,635.1863999999999,0.006311313207864932
